,year,title,hppoint
0,2018,사랑을 했다 (LOVE SCENARIO),7
1,2018,그날처럼,5
2,2018,선물,5
3,2018,"모든 날, 모든 순간 (Every day, Every Moment)",5
4,2018,뚜두뚜두 (DDU-DU DDU-DU),6
5,2018,뿜뿜,6
6,2018,You,6
7,2018,그때 헤어지면 돼,4
8,2018,Roller Coaster,7
9,2018,instagram,6
10,2018,지나오다,5
11,2018,Way Back Home,5
12,2018,여행,5
13,2018,미안해,6
14,2018,Bad Boy,7
15,2018,주지마,8
16,2018,별이 빛나는 밤,6
17,2018,밤편지,4
18,2018,Heart Shaker,7
19,2018,꽃 길,7
20,2018,What is Love?,8
21,2018,Dance The Night Away,8
22,2018,밤 (Time for the moon night),5
23,2018,비,4
24,2018,기억의 빈자리,5
25,2018,Forever Young,7
26,2018,눈사람,3
27,2018,소나기 (Feat. 10cm),6
28,2018,DNA,6
29,2018,밤이 되니까,6
30,2018,좋니,6
31,2018,My Way,5
32,2018,LATATA,7
33,2018,피카부 (Peek-A-Boo),7
34,2018,가을 안부,6
35,2018,이 별,6
36,2018,all of my life,6
37,2018,FAKE LOVE,10
38,2018,붕붕 (Feat. 식케이) (Prod. GroovyRoom),8
39,2018,시차 (We Are) (Feat. 로꼬 & GRAY),9
40,2018,그리워하다,7
41,2018,LIKEY,6
42,2018,#첫사랑,6
43,2018,1도 없어,6
44,2018,마지막처럼,7
45,2018,비도 오고 그래서 (Feat. 신용재),6
46,2018,열애중,6
47,2018,주인공,6
48,2018,빨간 맛 (Red Flavor),6
49,2018,좋아,5
50,2018,Jenga (Feat. Gaeko),7
51,2018,너나 해 (Egotistic),10
52,2018,봄날,8
53,2018,눈 (Feat. 이문세),5
54,2018,첫눈처럼 너에게 가겠다,4
55,2018,짙어져,4
56,2018,삐삐,7
57,2018,폰서트,6
58,2018,빙글뱅글 (Bingle Bangle),7
59,2018,노력,5
60,2018,Power Up,8
61,2018,나의 사춘기에게,5
62,2018,비밀정원,6
63,2018,EVERYDAY,9
64,2018,사이렌(Siren),6
65,2018,바보야,5
66,2018,너 없는 시간들,5
67,2018,너 없인 안 된다,7
68,2018,REALLY REALLY,8
69,2018,바코드 (Prod. GroovyRoom),10
70,2018,답장,4
71,2018,동화,7
72,2018,한(一),7
73,2018,눈 떠보니 이별이더라,5
74,2018,좋았을걸,6
75,2018,넋두리,5
76,2018,"그때의 나, 그때의 우리",4
77,2018,하루도 그대를 사랑하지 않은 적이 없었다,5
78,2018,SoulMate (Feat. 아이유),4
79,2018,연애소설 (Feat. 아이유),9
80,2018,한숨,6
81,2018,Love U,7
82,2018,빛나리,8
83,2018,BAAM,10
84,2018,썸 탈꺼야,7
85,2018,Beautiful,6
86,2018,북 (Prod.SLO),7
87,2018,팔레트 (Feat. G-DRAGON),5
88,2018,잊을만하면,6
89,2018,가을 타나 봐,7
90,2018,"셋 셀테니 (1, 2, 3!)",9
91,2018,욕심,4
92,2018,Lonely (Feat. 태연),5
93,2018,어른,4
94,2018,하루의 끝 (End of a day),7
95,2018,내가 더 나빠,7
96,2018,"별, 그대 (The Only Star)",6
97,2018,가시나,6
98,2018,잘 지내요,5
99,2018,다른사람을 사랑하고 있어,5
100,2017,첫눈처럼 너에게 가겠다,4
101,2017,좋다고 말해,7
102,2017,밤편지,4
103,2017,좋니,6
104,2017,비도 오고 그래서 (Feat. 신용재),6
105,2017,Beautiful,6
106,2017,팔레트 (Feat. G-DRAGON),5
107,2017,REALLY REALLY,8
108,2017,오랜 날 오랜 밤,4
109,2017,KNOCK KNOCK,9
110,2017,사랑이 잘 (With 오혁),5
111,2017,빨간 맛 (Red Flavor),6
112,2017,Stay With Me,6
113,2017,마지막처럼,7
114,2017,처음부터 너와 나,6
115,2017,남이 될 수 있을까,6
116,2017,에라 모르겠다,9
117,2017,Rookie,7
118,2017,오늘 취하면 (Feat.창모) (Prod. SUGA),6
119,2017,Marry Me (With 구윤회),5
120,2017,널 너무 모르고,6
121,2017,가시나,6
122,2017,"All I Wanna Do (K) (Feat. Hoody, Loco)",8
123,2017,시차 (We Are) (Feat. 로꼬 & GRAY),9
124,2017,BLUE MOON (Prod. GroovyRoom),6
125,2017,New Face,8
126,2017,SIGNAL,6
127,2017,"무제(無題) (Untitled, 2014)",5
128,2017,심술,4
129,2017,I Miss You,4
130,2017,오빠야,10
131,2017,Décalcomanie (데칼코마니),6
132,2017,저 별,8
133,2017,Why Don’t You Know (Feat. 넉살),7
134,2017,YESTERDAY,8
135,2017,이쁘다니까,4
136,2017,TOMBOY,4
137,2017,선물,5
138,2017,우리집을 못 찾겠군요 (feat. 볼빨간사춘기),7
139,2017,매일 듣는 노래 (A Daily Song),6
140,2017,소나기,6
141,2017,Fine,7
142,2017,이 지금,4
143,2017,I LUV IT,8
144,2017,썸 탈꺼야,7
145,2017,all of my life,6
146,2017,You(=I),5
147,2017,NEVER,7
148,2017,넘어와 (Feat. 백예린),4
149,2017,Artist,7
150,2017,봄날,8
151,2017,부담이 돼 (Feat. 휘인 of 마마무),6
152,2017,에너제틱 (Energetic),8
153,2017,LAST DANCE,7
154,2017,미치고 싶다,5
155,2017,나로 말할 것 같으면 (Yes I am),9
156,2017,노래,7
157,2017,Who Are You,7
158,2017,가을 아침,6
159,2017,당신의 밤 (feat. 오혁),9
160,2017,맞지?,9
161,2017,아름다워,5
162,2017,얼굴 찌푸리지 말아요,6
163,2017,첫 눈,5
164,2017,이 바보야,3
165,2017,DINOSAUR,6
166,2017,소원,3
167,2017,내 눈에만 보여,5
168,2017,이런 엔딩,4
169,2017,FIVE,8
170,2017,비행운,3
171,2017,이 소설의 끝을 다시 써보려 해,6
172,2017,사랑하지 않은 것처럼,4
173,2017,나의 사춘기에게,5
174,2017,11:11,5
175,2017,나야 나 (PICK ME),8
176,2017,지나쳐 (Feat. DEAN),6
177,2017,She's a Baby,3
178,2017,"BERMUDA TRIANGLE (Feat. Crush, DEAN)",7
179,2017,FINGERTIP,6
180,2017,Blue,6
181,2017,그런 밤,5
182,2017,LONELY,7
183,2017,행복한 척,7
184,2017,폰서트,6
185,2017,꽃길 (Prod. By ZICO),4
186,2017,연애소설 (Feat. 아이유),9
187,2017,귀를 기울이면 (LOVE WHISPER),6
188,2017,N분의 1 (Feat. 다이나믹듀오),10
189,2017,"Sunday (feat. 헤이즈, 박재범)",6
190,2017,혼자,6
191,2017,Would U,6
192,2017,싸운날,6
193,2017,MOVIE,6
194,2017,달콤한 빈말 (Feat. 바버렛츠),7
195,2017,노력,5
196,2017,Complex (feat. G-DRAGON),6
197,2017,"유후 (You, Who?)",7
198,2017,LOVE ME LOVE ME,8
199,2017,좋아해(bye),5
200,2016,CHEER UP,7
201,2016,시간을 달려서 (Rough),5
202,2016,널 사랑하지 않아,5
203,2016,우주를 줄게,9
204,2016,D (half moon) (Feat. 개코),5
205,2016,You Are My Everything,5
206,2016,이 사랑,5
207,2016,내가 저지른 사랑,4
208,2016,돌아오지마 (Feat. 용준형 of 비스트),6
209,2016,ALWAYS,4
210,2016,말해! 뭐해?,6
211,2016,너 그리고 나 (Navillera),5
212,2016,어디에도,5
213,2016,너는 나 나는 너,7
214,2016,TT,8
215,2016,Why So Lonely,7
216,2016,하늘바라기 (feat. 하림),6
217,2016,Rain,4
218,2016,휘파람,8
219,2016,러시안 룰렛 (Russian Roulette),7
220,2016,Day Day (Feat. 박재범) (Prod. by GRAY),8
221,2016,잊어버리지마 (feat. 태연),5
222,2016,봄이 좋냐??,6
223,2016,꿈처럼,3
224,2016,Bye bye my blue,5
225,2016,쏘쏘,5
226,2016,나만 안되는 연애,5
227,2016,너였다면,4
228,2016,"And July (feat. DEAN, DJ Friz)",7
229,2016,넌 is 뭔들,8
230,2016,자격지심 (Feat. 은하 of 여자친구),7
231,2016,Dream (Prod. by 박근태),4
232,2016,Everytime,5
233,2016,그대라는 사치,7
234,2016,목요일 밤 (feat. 빈지노),8
235,2016,Forever (Prod. by GRAY),8
236,2016,한숨,6
237,2016,사랑이 뭔데,9
238,2016,너무너무너무,6
239,2016,Toy,7
240,2016,불장난,6
241,2016,I Like That,8
242,2016,같은 곳에서,8
243,2016,RE-BYE,7
244,2016,Why,6
245,2016,내 입술 따뜻한 커피처럼 (Feat. 이성경) (Prod. by 박근태),5
246,2016,네 생각,5
247,2016,다시 너를,7
248,2016,숨,4
249,2016,벚꽃이 지면,5
250,2016,구르미 그린 달빛,4
251,2016,Décalcomanie (데칼코마니),6
252,2016,봄인가 봐 (Spring Love),5
253,2016,제주도의 푸른 밤,4
254,2016,사랑하자,4
255,2016,Monster,7
256,2016,Shut Up (feat. 유희열),10
257,2016,If You,5
258,2016,puzzle,10
259,2016,다시 사랑한다면 (니글니글 버터플라이),4
260,2016,맘 편히 (Comfortable),11
261,2016,심술,4
262,2016,Don't Cry (우리 동네 음악대장),7
263,2016,11:11,5
264,2016,"호랑나비 (Feat. Gill, 리듬파워, 김흥국)",6
265,2016,"다정하게, 안녕히",4
266,2016,Good Luck,10
267,2016,너를 위해,5
268,2016,Good For You,5
269,2016,어쩌면 나,4
270,2016,회상,5
271,2016,여름밤에 우린,4
272,2016,Dancing King,8
273,2016,붐바야,7
274,2016,잠은 다 잤나봐요,4
275,2016,"All I Wanna Do (K) (Feat. Hoody, Loco)",8
276,2016,[19금] 니가 알던 내가 아냐 (Prod. by GRAY),11
277,2016,피 땀 눈물,6
278,2016,공감 (feat. 서영은),5
279,2016,어떻게 지내,4
280,2016,L.I.E,7
281,2016,사랑에 빠졌죠 (당신만이),4
282,2016,PICK ME,6
283,2016,그게 뭐라고,5
284,2016,세 단어,6
285,2016,그런 밤,5
286,2016,Shut Up & Groove (feat. DEAN),6
287,2016,사람들이 움직이는 게,7
288,2016,Yum-Yum (얌얌),6
289,2016,"그대, 바람이 되어",6
290,2016,사랑이었다 (Feat. 루나 of f(x)),5
291,2016,그대를 잊는다는 건,4
292,2016,못참겠어 (Feat. 로꼬),5
293,2016,How Can I Love You,6
294,2016,우아해 (Woo Ah),6
295,2016,에라 모르겠다,9
296,2016,Stay With Me,6
297,2016,21,6
298,2016,내가 설렐 수 있게,6
299,2016,이젠 잊기로 해요,6
300,2015,뱅뱅뱅 (BANG BANG BANG),6
301,2015,BAE BAE,5
302,2015,LOSER,8
303,2015,CALL ME BABY,9
304,2015,꺼내 먹어요,3
305,2015,같은 시간 속의 너,3
306,2015,이럴거면 그러지말지 (feat. Young K),5
307,2015,레옹,7
308,2015,우리 사랑하지 말아요,6
309,2015,심쿵해 (Heart Attack),6
310,2015,IF YOU,6
311,2015,마음,4
312,2015,다른 남자 말고 너,7
313,2015,Lion Heart,7
314,2015,사랑에 빠지고 싶다,3
315,2015,SHAKE IT,10
316,2015,LOVE ME RIGHT,9
317,2015,오늘부터 우리는 (Me gustas tu),8
318,2015,또 다시 사랑,6
319,2015,우연히 봄,8
320,2015,와리가리,6
321,2015,그냥 (Just),4
322,2015,어머님이 누구니 (feat. 제시),9
323,2015,아예 (Ah Yeah),5
324,2015,Puss (Prod.By 라이머),7
325,2015,View,8
326,2015,두사랑 (feat. 매드클라운),8
327,2015,맙소사,10
328,2015,음오아예 (Um Oh Ah Yeh),7
329,2015,겁 (feat. 태양),7
330,2015,Me You (feat. 백예린 Of 15&),8
331,2015,WE LIKE 2 PARTY,7
332,2015,맨정신,6
333,2015,PARTY,9
334,2015,Ice Cream Cake,9
335,2015,I (feat. 버벌진트),5
336,2015,취향저격,8
337,2015,화 (feat. 진실 Of Mad Soul Child) (Fire),6
338,2015,Remember,5
339,2015,사월의 눈,5
340,2015,환청 (feat. 나쑈),7
341,2015,오빠차,7
342,2015,예이 (YeY),6
343,2015,유리구슬 (Glass Bead),6
344,2015,스폰서 ($ponsor),7
345,2015,Bad,8
346,2015,거북선 (feat. 팔로알토),8
347,2015,꼭 어제,5
348,2015,꽃 (feat. 타블로 Of 에픽하이),5
349,2015,My Type (Prod. By 버벌진트),8
350,2015,어깨,6
351,2015,또 운다 또,5
352,2015,슬픔 속에 그댈 지워야만 해,5
353,2015,한번 더 말해줘 (feat. 장한나),7
354,2015,쩔어 (GD & T.O.P),8
355,2015,스물셋,8
356,2015,Dumb Dumb,7
357,2015,I Feel You,7
358,2015,바람이나 좀 쐐 (feat. 우혜미),7
359,2015,목소리,6
360,2015,연예할래,6
361,2015,멋진헛간,5
362,2015,그 남잔 말야,6
363,2015,시작이 좋아 2015 (Prod. By 버벌진트),6
364,2015,Devil,7
365,2015,사랑 범벅 (feat. 챈슬러 Of the channels),6
366,2015,미쳐,7
367,2015,표적,7
368,2015,새벽 가로수길 (With 송유빈),6
369,2015,일하러 가야 돼,6
370,2015,I'm So Sexy,9
371,2015,링마벨 (Ring My Bell),8
372,2015,만약에 말야 (화생방실 클레오파트라) (Bonus Track),6
373,2015,No Make Up,6
374,2015,잊지 말기로 해 (Bonus Track),6
375,2015,Oasis (feat. Zico),10
376,2015,Angel,12
377,2015,가질 수 없는 너 (화생방실 클레오파트라) (Bonus Track),4
378,2015,팔베개 (feat. 기현) (Pillow),7
379,2015,Apple (feat. 박재범),6
380,2015,모르나봐,5
381,2015,사랑의 시작은 고백에서부터,4
382,2015,사랑할수록 (화생방실 클레오파트라),4
383,2015,봄바람 (feat. 나얼),5
384,2015,나도 여자예요,8
385,2015,너의 얘길 들어줄게,5
386,2015,이렇게 우리,5
387,2015,하나뿐인 사람,5
388,2015,품행제로,6
389,2015,사이먼 도미닉,10
390,2015,I NEED U,7
391,2015,아무도 모르게 (Prod. By MC몽),10
392,2015,가슴 뛰도록,6
393,2015,Who Are You (feat. 개코),7
394,2015,TENDER LOVE,6
395,2015,안녕(Hi~),5
396,2015,Because Of You,6
397,2015,Okey Dokey,7
398,2015,보통연애 (feat. 박보람),7
399,2015,사랑.. 그 놈 (화생방실 클레오파트라),4
400,2014,썸 (feat. 릴보이 Of 긱스),7
401,2014,너의 의미 (feat. 김창완),6
402,2014,"눈, 코, 입",7
403,2014,그 중에 그대를 만나,5
404,2014,한여름밤의 꿀,9
405,2014,야생화,4
406,2014,200%,7
407,2014,금요일에 만나요 (feat. 장이정 Of History),4
408,2014,Touch My Body,6
409,2014,봄 사랑 벚꽃 말고,7
410,2014,예뻐졌다 (feat. 지코 Of 블락비),7
411,2014,나의 옛날이야기,4
412,2014,공허해,8
413,2014,Come Back Home,6
414,2014,Something,6
415,2014,Mr.Chu (On Stage),6
416,2014,Darling,6
417,2014,HER,5
418,2014,사람냄새,6
419,2014,단발머리 (Short Hair),7
420,2014,신촌을 못가,5
421,2014,My Destiny,5
422,2014,까탈레나 (Catallena),7
423,2014,괜찮아 사랑이야,5
424,2014,Give Love,6
425,2014,너를 사랑해,6
426,2014,중독 (Overdose),6
427,2014,안녕,4
428,2014,너를 너를 너를,5
429,2014,그게 나야,4
430,2014,너 사용법,4
431,2014,손대지마,7
432,2014,Mr.Mr.,7
433,2014,노래가 늘었어,6
434,2014,짧은 치마 (Miniskirt),5
435,2014,너의 모든 순간 (Original),4
436,2014,가슴 시린 이야기 (feat. 용준형 Of Beast),6
437,2014,틈,7
438,2014,너를 원해 (feat. Beenzino),7
439,2014,헤픈엔딩 (feat. 조원선 Of 롤러코스터),5
440,2014,잠시 안녕처럼,4
441,2014,거짓말 거짓말 거짓말,4
442,2014,보름달 (feat. Lena),7
443,2014,Good-Night Kiss,8
444,2014,당신만이,3
445,2014,애타는 마음,7
446,2014,오늘부터 1일 (Day 1),6
447,2014,그대가 분다,5
448,2014,사랑이 지나가면,4
449,2014,잠 못드는 밤 (feat. 펀치),5
450,2014,최고의 행운,5
451,2014,빨개요,8
452,2014,흔한 노래,5
453,2014,La Song,4
454,2014,인연,4
455,2014,티가 나나봐,8
456,2014,얼음들,5
457,2014,I Swear,8
458,2014,미운오리새끼,7
459,2014,오늘 뭐해,9
460,2014,너에게,6
461,2014,그런 남자,6
462,2014,나 왜이래 (feat. 강민희 Of 미스에스),7
463,2014,결혼까지 생각했어,6
464,2014,살아 봤으면 해,8
465,2014,너 아님 안돼,8
466,2014,"Love (feat. Bumkey, Paloalto)",8
467,2014,끼부리지마,6
468,2014,시간과 낙엽,6
469,2014,Can't Stop,8
470,2014,12시 30분,6
471,2014,걱정말아요 그대,5
472,2014,내가 그리웠니 (feat. 진실 Of Mad Soul Child),10
473,2014,견딜만해 (feat. 효린 Of 씨스타),7
474,2014,별처럼,5
475,2014,[19금] Body Language (feat. 범키),10
476,2014,우산,6
477,2014,뜨래요 (feat. 앙리 Of 3B),6
478,2014,Good Luck,7
479,2014,소격동,5
480,2014,행복한 나를,5
481,2014,12월의 기적 (Miracles In December),7
482,2014,독기,10
483,2014,Lonely (없구나),7
484,2014,Night And Day,6
485,2014,너 밖에 몰라 (One Way Love),9
486,2014,헤어졌다 만났다,6
487,2014,너를,6
488,2014,이제 그만 싸우자,6
489,2014,Back,7
490,2014,어려운 여자,6
491,2014,[19금] 조금 이따 샤워해 (feat. Crush),7
492,2014,어이 (Uh-ee),9
493,2014,Mr.애매모호,9
494,2014,답이 없었어,6
495,2014,Holler,6
496,2014,썸남썸녀 (feat. 휘성),8
497,2014,Red Light,5
498,2014,Something,7
499,2014,맘마미아,9
500,2013,All Right,6
501,2013,1440,7
502,2013,24/7,8
503,2013,24시간이 모자라,6
504,2013,BAAAM (feat. Muzie Of UV),6
505,2013,Bad Girls,6
506,2013,Black (Feat. 제니 of BLACKPINK),7
507,2013,Bounce,4
508,2013,Crescendo (크레셴도),7
509,2013,Dancing Queen,6
510,2013,Do You Love Me,9
511,2013,Dream Girl,7
512,2013,Falling In Love,10
513,2013,Gentleman,9
514,2013,Give It To Me,9
515,2013,Goodbye To Romance,6
516,2013,Hello (feat. 버벌진트),6
517,2013,Hush,6
518,2013,I GOT A BOY,10
519,2013,I Love You,6
520,2013,I'm Sorry,10
521,2013,It's Over,8
522,2013,Kill Bill,7
523,2013,Love Blossom (러브블러썸),6
524,2013,Love Love Love,8
525,2013,Man In Love (남자가 사랑할 때),8
526,2013,My Love,6
527,2013,NoNoNo,6
528,2013,Rose,6
529,2013,Shadow (그림자),8
530,2013,Somebody,9
531,2013,Special Girl (feat. Bumkey),7
532,2013,Talk That,8
533,2013,Tell Me Tell Me,6
534,2013,This Love,8
535,2013,Touch Love,6
536,2013,U & I,6
537,2013,YooHoo (유후),7
538,2013,강북멋쟁이,8
539,2013,거북이,6
540,2013,겨울사랑,4
541,2013,귀여운 남자,9
542,2013,그대 입술이 (With 채지연 - 풋풋),6
543,2013,그런 너 (Disturbance),4
544,2013,그리고 하나,6
545,2013,기대해,8
546,2013,긴 생머리 그녀 (Miss Right),7
547,2013,꼭 한번 만나고 싶다,3
548,2013,나란놈이란,4
549,2013,나를 잊지 말아요,5
550,2013,나쁜여자,6
551,2013,낮과 밤,3
552,2013,내일은 없어,8
553,2013,너 하나야,6
554,2013,너에게,6
555,2013,녹는중 (feat. 버벌진트),6
556,2013,눈꽃,5
557,2013,눈물 (feat. 유진 Of 더 씨야),6
558,2013,눈물샤워 (feat .에일리),7
559,2013,니가 뭔데 (Who You?),7
560,2013,되돌리다,5
561,2013,둘이서 한잔해,6
562,2013,라면인건가,5
563,2013,매력있어,5
564,2013,모노드라마 (With 유승우),6
565,2013,모르시나요,4
566,2013,미스코리아,7
567,2013,미스터리 (feat. San E),4
568,2013,미치게 만들어,4
569,2013,봄봄봄,5
570,2013,분홍신,7
571,2013,빠빠빠,9
572,2013,삐딱하게 (Crooked),6
573,2013,사랑은 타이밍,8
574,2013,싫다,5
575,2013,아는사람 얘기,7
576,2013,어느 봄날,4
577,2013,얼음꽃,6
578,2013,여자 대통령,8
579,2013,오늘 밤 (feat. 배치기),7
580,2013,오늘따라 보고싶어서 그래,5
581,2013,왜 이제야 왔니,5
582,2013,외국인의 고백,7
583,2013,으르렁 (Growl),7
584,2013,이게 무슨 일이야,10
585,2013,이게 사랑이 아니면 (feat. 에일리),7
586,2013,이름이 뭐예요?,10
587,2013,있다 없으니까 (Gone Not Around Any Longer),7
588,2013,잘할 걸,6
589,2013,좋아 (JOAH),7
590,2013,지우개,4
591,2013,짧은머리,5
592,2013,착해 빠졌어 (Stupid In Love),7
593,2013,처음엔 사랑이란게,6
594,2013,첫 사랑니 (Rum Pum Pum Pum),7
595,2013,첫사랑,4
596,2013,촌스럽게 왜 이래 (You Don’t Know Love),8
597,2013,카페인 (feat. 용준형 Of Beast),8
598,2013,해볼라고,6
599,2013,혼자라고 생각말기,5
600,2012,강남스타일,8
601,2012,"1,2,3,4 (원,투,쓰리,포)",9
602,2012,2HOT,7
603,2012,All For You,7
604,2012,BAD BOY,9
605,2012,BLUE,8
606,2012,Catch Me,8
607,2012,Day By Day,7
608,2012,Electric Shock,6
609,2012,Falling,4
610,2012,FANTASTIC BABY,8
611,2012,Good Boy (feat. 용준형 Of 비스트),8
612,2012,Heaven,6
613,2012,Hey You,8
614,2012,High High,7
615,2012,HUSH,6
616,2012,I Love You,8
617,2012,I Need You,6
618,2012,I 돈 Care (feat. 서수민 PD),8
619,2012,Ice Cream (feat. Maboos),8
620,2012,illa illa (일라 일라),6
621,2012,I'm Da One (feat. Zion.T),7
622,2012,Know Your Name (feat. Dok2),9
623,2012,Like this,9
624,2012,Lovey-Dovey,8
625,2012,Loving U (러빙유),8
626,2012,MAMA,8
627,2012,Missing You (feat. 김윤아 Of 자우림),8
628,2012,MONSTER,8
629,2012,Mr. BangBang,7
630,2012,Oh! My God,8
631,2012,Only One,7
632,2012,Pandora,6
633,2012,Poison,8
634,2012,Replay,6
635,2012,Sexy Love,7
636,2012,"Sexy, Free & Single",8
637,2012,Sherlockㆍ셜록 (Clue + Note),6
638,2012,She's Gone,7
639,2012,STILL ALIVE,8
640,2012,Touch,5
641,2012,Trouble Maker,8
642,2012,Twinkle,8
643,2012,Venus,11
644,2012,Volume Up,6
645,2012,거기서거기 (Without You),8
646,2012,[19금] 그XX,9
647,2012,그댈 마주하는건 힘들어 (그마힘),7
648,2012,그리워 그리워,4
649,2012,꽃송이가,7
650,2012,나를 사랑했던 사람아,5
651,2012,나혼자 (Alone),8
652,2012,난리나,8
653,2012,남자 없이 잘 살아,12
654,2012,남자도 우나요,4
655,2012,내가 노래를 못해도,6
656,2012,너도 나처럼,6
657,2012,너랑 나,5
658,2012,너뿐이야 (You're The One),6
659,2012,널 사랑하겠어,7
660,2012,니가 싫어,5
661,2012,니가 필요해 (I Need You),5
662,2012,닐리리맘보,7
663,2012,되돌리다,5
664,2012,뜨거운 안녕 (feat. 성시경),7
665,2012,립스틱 (Lipstick),7
666,2012,먼지가 되어,4
667,2012,목소리 (feat. 개리 Of 리쌍),7
668,2012,미치겠어,9
669,2012,바람기억,5
670,2012,벚꽃 엔딩,7
671,2012,베짱이 찬가,5
672,2012,보여줄게,6
673,2012,사랑은 다 그런거래요,4
674,2012,생각날거야,5
675,2012,서쪽 하늘,5
676,2012,소나기 (주르르루),5
677,2012,시간을 거슬러,4
678,2012,아름다운 밤,6
679,2012,아름다운 밤이야,8
680,2012,안좋을때 들으면 더 안좋은 노래,8
681,2012,어땠을까 (feat. 박정현),9
682,2012,여수 밤바다,7
683,2012,외로움증폭장치 (브래드 드럼 한판 쉬기),4
684,2012,우리 사랑했잖아,6
685,2012,이러지마 제발 (Please Don't...),5
686,2012,이럴 줄 알았어,7
687,2012,이상형,4
688,2012,전쟁이야 (This Is War),6
689,2012,정말로 사랑한다면,6
690,2012,죽고 싶단 말 밖에,4
691,2012,지독하게,5
692,2012,첫사랑,5
693,2012,추격자,6
694,2012,춥다 (feat. 이하이),6
695,2012,카페인 (feat. 용준형 Of Beast),8
696,2012,크레용 (Crayon),6
697,2012,피어나,6
698,2012,하루 끝,5
699,2012,하지 못한 말,5
700,2011,좋은 날,5
701,2011,Abandoned (feat. Dok2),11
702,2011,Be My Baby,6
703,2011,Black & White,10
704,2011,Break Down (feat. Double K),9
705,2011,Bubble Pop!,8
706,2011,Cafe,6
707,2011,Cry Cry,6
708,2011,Don't Cry,6
709,2011,Fiction,7
710,2011,Good-bye Baby,8
711,2011,Hands Up,6
712,2011,Hate You,8
713,2011,Heart To Heart,9
714,2011,Hello,6
715,2011,Hello Hello,7
716,2011,High High,7
717,2011,Hot Summer,5
718,2011,Lonely,8
719,2011,LOVE SONG,9
720,2011,Lucky Guy,9
721,2011,Ma Boy (마보이),8
722,2011,Mr. Simple,10
723,2011,Officially Missing You,6
724,2011,Oh Yeah (feat. 박봄),9
725,2011,Roly-Poly,5
726,2011,Shampoo,7
727,2011,샤이보이 (Shy Boy),11
728,2011,Sixth Sense,7
729,2011,So Cool (쏘쿨),12
730,2011,Someday,4
731,2011,STEP,6
732,2011,Supa Dupa Diva,8
733,2011,The Boys,8
734,2011,To Me (내게로..),8
735,2011,Tonight,7
736,2011,Top Girl,7
737,2011,"[19금] TV를 껐네... (feat. t윤미래, 권정열 Of 10cm)",10
738,2011,UGLY,9
739,2011,가슴 시린 이야기 (feat. 용준형 Of Beast),6
740,2011,가슴이 뛴다,6
741,2011,거울아 거울아,7
742,2011,그 남자 그 여자,4
743,2011,그남자,5
744,2011,그리워 그리워,4
745,2011,끝사랑,4
746,2011,나란 놈은 답은 너다 (feat. 하림),10
747,2011,나를 잊지 말아요,6
748,2011,나만 몰랐던 이야기,3
749,2011,나와 같다면 (김장훈),3
750,2011,난 좋아,4
751,2011,남자니까 웃는거야,6
752,2011,내가 이렇지 (feat. 하동균),5
753,2011,내가 제일 잘 나가,6
754,2011,내꺼중에 최고,6
755,2011,내꺼하자,7
756,2011,너는 나의 봄이다,5
757,2011,니까짓게,7
758,2011,동경소녀,5
759,2011,두근두근,5
760,2011,똑같다면,4
761,2011,랄랄라 (feat. 소야),7
762,2011,막걸리나,7
763,2011,말하는 대로,6
764,2011,메아리,6
765,2011,모나리자 (Mona Lisa),8
766,2011,몰라요,6
767,2011,미친거니 (feat. 방용국),7
768,2011,바람났어 (feat. 박봄),6
769,2011,반짝반짝,6
770,2011,방콕시티 (Bangkok City),7
771,2011,별빛달빛,6
772,2011,보통,5
773,2011,비가 오는 날엔,5
774,2011,사랑 사랑아,7
775,2011,사랑은 MOVE,9
776,2011,사랑은 은하수 다방에서,4
777,2011,사랑해요 (I Love You),5
778,2011,살다가 한번쯤,4
779,2011,샹하이 로맨스 (上海之戀),6
780,2011,서쪽 하늘,5
781,2011,순정마초,5
782,2011,아메리카노,6
783,2011,안녕이라고 말하지마,5
784,2011,압구정 날라리,4
785,2011,어쩌라고,8
786,2011,연애시대 (feat. Ra.D) (Narr. 한효주),6
787,2011,왜 (Keep Your Head Down),8
788,2011,이것만은 알고 가 (Before U Go),6
789,2011,이러쿵 저러쿵,10
790,2011,잘 된 일이야,7
791,2011,점핑 (Jumping),6
792,2011,제발,4
793,2011,좋아보여 (feat. 검정치마),7
794,2011,직감,7
795,2011,친구잖아,7
796,2011,톡톡 (Tok Tok) (feat. Soya),8
797,2011,피노키오 (Danger),8
798,2011,하루 하루,6
799,2011,흔들어 주세요,9
800,2010,Push Push (푸시푸시),8
801,2010,2 Different Tears,8
802,2010,A,8
803,2010,Bad Girl Good Girl,4
804,2010,Beautiful,10
805,2010,Better Together,8
806,2010,Bo Peep Bo Peep,9
807,2010,Breathe,11
808,2010,Bubble Love (With 서인영),7
809,2010,Bye Bye Bye,4
810,2010,Can't Nobody,8
811,2010,Change (feat. 용준형 From Beast),10
812,2010,Chitty Chitty Bang Bang (feat. Ceejay Of Freshboyz),11
813,2010,Go Away,3
814,2010,Hello,4
815,2010,Hip Song,9
816,2010,HUH,9
817,2010,Hurricane Venus,6
818,2010,I My Me Mine,9
819,2010,I Need A Girl (feat. G-Dragon),6
820,2010,I'll Be Back,10
821,2010,Love,8
822,2010,Love Ya,11
823,2010,Lucifer,9
824,2010,Madonna,13
825,2010,Magic,8
826,2010,No Love No More,6
827,2010,NU 예삐오 (NU ABO),8
828,2010,Oh!,8
829,2010,queen,14
830,2010,Right Now,7
831,2010,Run Devil Run,7
832,2010,Shock,9
833,2010,Without U,9
834,2010,Y,7
835,2010,가로수 그늘 아래 서면,5
836,2010,가슴에 살아 (feat. 나르샤 Of Brown Eyed Girls),9
837,2010,가식걸,8
838,2010,결혼까지 생각했어,6
839,2010,고백,5
840,2010,고백하던 날,6
841,2010,그 사람,4
842,2010,그대네요,5
843,2010,그여자,5
844,2010,꺼져줄게 잘 살아 (feat. 용준형),6
845,2010,[19금] 나 이런사람이야,6
846,2010,낙인,5
847,2010,난 너에게,6
848,2010,남자라서,6
849,2010,너 같은 사람 또 없어 (No Other),10
850,2010,너 때문에,8
851,2010,너 때문에 미쳐,8
852,2010,널 붙잡을 노래,5
853,2010,다시 와주라,6
854,2010,돌이킬 수 없는,7
855,2010,땡땡땡,8
856,2010,루팡 (Lupin),7
857,2010,마법소녀(魔法少女),5
858,2010,못해 (feat. 美),7
859,2010,미인아 (Bonamana),9
860,2010,박수쳐,8
861,2010,밥만 잘 먹더라,4
862,2010,뱅(Bang)!,9
863,2010,본능적으로 (feat. Swings),6
864,2010,비켜줄께,5
865,2010,빙글빙글,6
866,2010,삐리빠빠,6
867,2010,사랑 참,6
868,2010,사랑사랑사랑,8
869,2010,사랑이 술을 가르쳐 (feat. 백찬 From 8eight),6
870,2010,사랑이 올까요,8
871,2010,사랑이라 쓰고 아픔이라 부른다,5
872,2010,사랑해 U,6
873,2010,선물 (feat. 은지원),7
874,2010,술 한잔 해요,6
875,2010,숨,6
876,2010,시간아 멈춰라,5
877,2010,시간이 지나면,6
878,2010,싸이렌 (Siren) (feat. 미스터타이푼),11
879,2010,아프니까 사랑이죠,4
880,2010,언제나,6
881,2010,오늘 헤어졌어요,5
882,2010,외톨이야,7
883,2010,우리 사랑하게 됐어요,7
884,2010,웃음만..,6
885,2010,원더우먼,7
886,2010,이 거지같은 말 (With 정엽 Of 브라운 아이드 소울),7
887,2010,이 사람이다,5
888,2010,이별이 온다,7
889,2010,잔소리 (With 2AM 슬옹),6
890,2010,잘못했어,8
891,2010,전활 받지 않는 너에게,4
892,2010,정신이 나갔었나봐 (대웅 Theme),7
893,2010,주변인,7
894,2010,죽어도 못 보내,5
895,2010,죽을 만큼 아파서 (feat. 멜로우),7
896,2010,진짜일 리 없어,7
897,2010,처음처럼,10
898,2010,해바라기 (feat. 써니사이드 MJ),6
899,2010,훗 (Hoot),8
900,2009,Gee,9
901,2009,8282,6
902,2009,"1, 2, 3 (원 투 쓰리)",7
903,2009,365일,5
904,2009,Abracadabra,7
905,2009,Again＆Again,6
906,2009,AH,7
907,2009,Bad Girl,8
908,2009,Boo,7
909,2009,Chu~♡,11
910,2009,Diva,8
911,2009,Fire,7
912,2009,Heartbeat,9
913,2009,Heartbreaker,8
914,2009,Honey (허니),6
915,2009,Hot Issue,9
916,2009,I Don't Care,8
917,2009,"Indian Boy (feat. 장근이, B.I)",8
918,2009,Insomnia (불면증),6
919,2009,Kiss (feat. CL),8
920,2009,"Let's Dance (유재석, 타이거 JK, 윤미래)",11
921,2009,Lollipop,9
922,2009,Love Like This (네게로),9
923,2009,Muzik,9
924,2009,Nothing Better,5
925,2009,Oh Yeah,6
926,2009,Please Don't Go,9
927,2009,Pretty Girl,7
928,2009,Ring Ding Dong,11
929,2009,Sign,8
930,2009,Simple Love (feat. 나비),11
931,2009,[19금] Strong Baby (승리 Solo),8
932,2009,Touch Me,7
933,2009,TTL (Time To Love),8
934,2009,True Romance (feat. T),8
935,2009,U R Man,8
936,2009,Wanna,13
937,2009,YOU AND I,7
938,2009,거짓말 (Part.1),6
939,2009,결혼해 줄래 (feat. Bizniz),8
940,2009,구속,4
941,2009,그 놈 목소리,5
942,2009,그런 사람 또 없습니다,3
943,2009,그립고 그립고 그립다,5
944,2009,기다리다 지친다,8
945,2009,나쁜 여자야,7
946,2009,내 귀에 캔디 (feat. 택연 Of 2PM),8
947,2009,내 머리가 나빠서,8
948,2009,내사랑 울보,5
949,2009,"냉면 (박명수, 제시카, 이트라이브)",9
950,2009,너라고 (It's You),9
951,2009,눈물아 안녕,4
952,2009,눈물이 뚝뚝,4
953,2009,니가 밉다,10
954,2009,라차타 (LA chA TA),8
955,2009,러브119 (Love119) (feat. MC몽),9
956,2009,마쉬멜로우,6
957,2009,마음으로 하는 말 (feat. Hanyi),7
958,2009,만만하니,8
959,2009,미스터,8
960,2009,바래,8
961,2009,반쪽,5
962,2009,별이 빛나는 밤에,8
963,2009,부른다,7
964,2009,비와 당신 (영화 '라디오 스타 '삽입곡),4
965,2009,사고쳤어요,5
966,2009,사랑.. 그 놈,5
967,2009,사랑... 다 거짓말,5
968,2009,사랑비,6
969,2009,사랑한 후에,5
970,2009,사랑해 (feat. 유리상자 박승화),7
971,2009,살만해,6
972,2009,생각이 나,6
973,2009,소년이여,8
974,2009,소원을 말해봐 (Genie),11
975,2009,슈퍼맨,8
976,2009,심장이 없어,8
977,2009,"쏘리 쏘리 (Sorry, Sorry)",12
978,2009,아침의 눈,5
979,2009,여성시대,5
980,2009,연애특강 (feat. 한예슬),8
981,2009,오랜만이야,6
982,2009,외톨이,7
983,2009,우리 헤어지자,4
984,2009,이젠 남이야. (feat. Baby-J Of Jewelry),6
985,2009,잊지말아요,5
986,2009,전화 한 번 못하니 (feat. 미스에스 태혜영),6
987,2009,주르륵,7
988,2009,죽일 놈 (Guilty),7
989,2009,줄리엣 (Juliette),7
990,2009,총맞은 것처럼,4
991,2009,친구의 고백,6
992,2009,커플 (feat. 황정음),7
993,2009,큰일이다,5
994,2009,터질 것 같아,5
995,2009,토요일밤에,8
996,2009,행복병 (feat. Shorry J Of MM),7
997,2009,헤어지는 중입니다,4
998,2009,"헤어지지 못하는 여자, 떠나가지 못하는 남자 (feat. 정인)",8
999,2009,흔들려,6
1000,2008,주문 - MIROTIC,9
1001,2008,10점 만점에 10점,8
1002,2008,1분 1초 (feat. 타루),10
1003,2008,Baby Baby,5
1004,2008,Bad Boy,6
1005,2008,Beautiful Life,7
1006,2008,D.I.S.C.O (feat. TOP),5
1007,2008,Dangerous,8
1008,2008,Hey Mr. Big,6
1009,2008,Hot Girl,6
1010,2008,It's Okay (feat. 화요비),8
1011,2008,Kissing You,7
1012,2008,Lemon Tree,5
1013,2008,Lie,5
1014,2008,Love,8
1015,2008,Love Story,8
1016,2008,Moai,6
1017,2008,My Style (Hidden Track),8
1018,2008,Never Say Goodbye,4
1019,2008,Nobody,9
1020,2008,One (feat. 지선),12
1021,2008,One More Time,6
1022,2008,Propose,7
1023,2008,[19금] Rainism,8
1024,2008,Rock U,9
1025,2008,So Hot,6
1026,2008,U-Go-Girl (With 낯선),11
1027,2008,You,8
1028,2008,You Are My Lady,6
1029,2008,가슴으로 외쳐 (feat. Rhymer),6
1030,2008,가지마 가지마,7
1031,2008,그대라면,7
1032,2008,그대만이 (MBC '우리 결혼했어요' 알렉스 & 신애 테마곡),5
1033,2008,기억을 걷는 시간,8
1034,2008,끝나지 않은 이야기,4
1035,2008,나만 바라봐,7
1036,2008,나비야,4
1037,2008,"날 봐, 귀순",5
1038,2008,남자 때문에,4
1039,2008,너 때문에,7
1040,2008,너 올때까지,5
1041,2008,너는 내 운명,6
1042,2008,누난 너무 예뻐 (Replay),9
1043,2008,눈물은 모르게,4
1044,2008,다 줄꺼야,3
1045,2008,데자뷰,7
1046,2008,들리나요...,4
1047,2008,뜨거운 안녕 (Vocal By 이지형),4
1048,2008,라디오를 켜봐요,4
1049,2008,라라라,6
1050,2008,마지막 인사,8
1051,2008,만약에,5
1052,2008,모두 다 쉿!,8
1053,2008,못된 여자 (feat. 서인영),7
1054,2008,미안해요 (feat. T.O.P),7
1055,2008,미워도 사랑하니까,6
1056,2008,미쳤어 (feat. 에릭),7
1057,2008,바보에게... 바보가,4
1058,2008,발자국,7
1059,2008,별이 지다..,7
1060,2008,보고싶은 날엔,6
1061,2008,붉은 노을,6
1062,2008,사랑과 전쟁 (Narr. 하하),8
1063,2008,사랑을 원해,8
1064,2008,사랑이 그렇게 쉬워 (feat. 태인),8
1065,2008,사랑해,7
1066,2008,사랑해 (feat. 윤은혜),9
1067,2008,사랑해 미안해,4
1068,2008,사랑후애,6
1069,2008,산소 같은 너 (Love Like Oxygen),5
1070,2008,새까맣게,4
1071,2008,샤방샤방,5
1072,2008,"서커스 (feat. 임유경 - 달래 음악단, $howgun)",5
1073,2008,슬픈 다짐,8
1074,2008,슬픈 발걸음,4
1075,2008,슬픔활용법,5
1076,2008,신데렐라,7
1077,2008,아이처럼,4
1078,2008,안녕 나의 사랑,5
1079,2008,어제보다 오늘 더,5
1080,2008,어쩌다,5
1081,2008,에너지 (feat. 선예),9
1082,2008,여자는 사랑을 먹고,5
1083,2008,우산 (feat. 윤하),9
1084,2008,이노래,4
1085,2008,장윤정 트위스트,7
1086,2008,죽도록 사랑해 (feat. 박정현),7
1087,2008,즉흥여행 (feat. MC몽),6
1088,2008,천국,7
1089,2008,첫눈,6
1090,2008,추억속의 그대,8
1091,2008,취중진담 (feat. And),5
1092,2008,클래식,5
1093,2008,텔레파시,6
1094,2008,하나의 사랑 (추성훈 ver.),3
1095,2008,하루하루,5
1096,2008,한가지 말,8
1097,2008,화분 (알렉스 ver.) ('우리 결혼했어요' 삽입곡),5
1098,2008,환상의 짝꿍 (feat. 예은 Of 원더걸스),8
1099,2008,후회는 없어 (feat. 베이지),7
1100,2007,Tell Me (Sampling From 'Two Of Hearts'),6
1101,2007,Four Chance,6
1102,2007,Adios (feat. 미스터 타이푼 (Mr.Tyfoon)),6
1103,2007,Ballerino (발레리노) (Feat. Ali),8
1104,2007,Cry (feat. 하동균),8
1105,2007,Dirty Cash,8
1106,2007,돈 돈! (Don't Don),6
1107,2007,Fan,9
1108,2007,Hey Boy,8
1109,2007,I Promise You,4
1110,2007,Irony (아이러니),8
1111,2007,Love Love Love (feat. 융진 Of Casker),12
1112,2007,Maria,5
1113,2007,Marry U,7
1114,2007,My Angel,6
1115,2007,My Love,5
1116,2007,So Fresh (feat. 김태우) (위대한 캣츠비 OST 삽입곡),8
1117,2007,가거라 사랑아!!,6
1118,2007,가라 사랑아,6
1119,2007,가슴아 그만해,5
1120,2007,가시리 (With KCM),4
1121,2007,가지마,6
1122,2007,같은 베개...,5
1123,2007,거위의 꿈,5
1124,2007,거짓말,9
1125,2007,결혼할까요,6
1126,2007,그대 내게 다시,4
1127,2007,그래도 사랑합니다,5
1128,2007,기다릴게...,7
1129,2007,나를 외치다,6
1130,2007,남자도... 어쩔 수 없다,7
1131,2007,남자야,5
1132,2007,내 사람입니다,4
1133,2007,[19금] 너를 원해,7
1134,2007,눈물,6
1135,2007,느껴봐,5
1136,2007,니가 사는 그 집,8
1137,2007,다시 만난 세계 (Into The New World),5
1138,2007,단발머리,6
1139,2007,둘이라서,5
1140,2007,뒷모습,6
1141,2007,땡벌,6
1142,2007,로꾸거!!!,8
1143,2007,매일매일,6
1144,2007,못 잊어 (feat. 이지혜) (Sampling Mendelssohn 봄의 노래),6
1145,2007,못난이,5
1146,2007,못난이,5
1147,2007,못된 남자,4
1148,2007,물끄러미,4
1149,2007,미워도 좋아,4
1150,2007,미워요,4
1151,2007,미인(美人),5
1152,2007,바람만바람만,5
1153,2007,바보처럼,3
1154,2007,배반,4
1155,2007,봄이여 오라 (feat. 유리),7
1156,2007,비밀번호 486,5
1157,2007,비행소녀,3
1158,2007,사랑 하나면 돼,5
1159,2007,사랑... 그게 뭔데,5
1160,2007,사랑가,7
1161,2007,사랑공식,6
1162,2007,사랑앓이,8
1163,2007,"사랑에 미치면 (feat. 아웃캐스트 빅보이 & J.Y.Park ""The Asiansoul"")",5
1164,2007,사랑은 맛있다 ♡,3
1165,2007,사랑을 잃고 난 노래하네,6
1166,2007,사랑의 숲에서 길을 잃다 (With 임창정),5
1167,2007,사랑의 인사,5
1168,2007,사랑이 늦어서 미안해,4
1169,2007,사랑한다,6
1170,2007,새 살,4
1171,2007,소녀시대 (Girls' Generation),7
1172,2007,손수건,5
1173,2007,수취인불명,6
1174,2007,아리랑,6
1175,2007,안녕,6
1176,2007,오아시스 (feat. 이재훈),8
1177,2007,완소그대 (With 장안 종합 사회복지관 어린이들),5
1178,2007,왼쪽가슴,6
1179,2007,우리가 이별할 때 (duet with 백지영),4
1180,2007,"유혹의 소나타 (Sampling Fur Elise, L.van Beethoven)",6
1181,2007,이럴거면,4
1182,2007,이별살이,5
1183,2007,잊었니...,6
1184,2007,잔소리,5
1185,2007,좋은걸 어떡해,5
1186,2007,착한 거짓말,4
1187,2007,천둥,4
1188,2007,첫사람,5
1189,2007,추억은 사랑을 닮아,5
1190,2007,톡톡톡 (Toc Toc Toc),7
1191,2007,통증,5
1192,2007,하늘위로 (B.Remix) (feat. 김지은),7
1193,2007,하루,5
1194,2007,하루살이,5
1195,2007,한번 더 이별,5
1196,2007,"[19금] 한번 더, OK? (One More Time, OK?)",6
1197,2007,한여름날의 꿈 (duet with 옥주현),6
1198,2007,혜성,6
1199,2007,흰눈,6
1200,2006,사랑 안해,5
1201,2006,"""O""-正.反.合. (""오""-정.반.합.)",9
1202,2006,Cutie Honey,6
1203,2006,Dancing Out,7
1204,2006,Get Ya',8
1205,2006,Goodbye,5
1206,2006,GRACE,5
1207,2006,Hold The Line,8
1208,2006,I Go,5
1209,2006,I Love Rock & Roll,7
1210,2006,I'm Coming (feat. Tablo),8
1211,2006,LOVE ALL,6
1212,2006,Love Me Love Me,4
1213,2006,Maybe I Love You (feat. 빅톤),9
1214,2006,Must Have Love (우리들의 겨울),4
1215,2006,My Love (And),5
1216,2006,My Style,7
1217,2006,Never Mind,5
1218,2006,Once In A Lifetime,8
1219,2006,Paris (Feat. Jisun of Loveholic),8
1220,2006,Perhaps Love (사랑인가요) (duet with J),6
1221,2006,Scandal,7
1222,2006,The Day,5
1223,2006,Timeless (feat. 시아준수),5
1224,2006,Tomorrow,5
1225,2006,U,9
1226,2006,"Untouchable (With SG 워너비, MTOM)",6
1227,2006,V.I.P,6
1228,2006,With You (duet with 박효신),6
1229,2006,거리에서,6
1230,2006,곤드레 만드레,6
1231,2006,구두,6
1232,2006,그남자 그여자 (feat. 장혜진),5
1233,2006,그녀가 울고 있네요,6
1234,2006,그녀를 사랑해줘요,5
1235,2006,그래서...,6
1236,2006,그리움을 외치다,5
1237,2006,까만안경,5
1238,2006,난 알아요 (feat. Teddy),8
1239,2006,날 위한 이별,4
1240,2006,남자답게,4
1241,2006,남자를 몰라,5
1242,2006,내사람: Partner For Life,6
1243,2006,너에게 쓰는 편지 Part. 2 (feat. LISA),8
1244,2006,누나의 꿈,8
1245,2006,눈물샘,5
1246,2006,눈사람,4
1247,2006,느림보,6
1248,2006,다가와서,7
1249,2006,다소,4
1250,2006,두고두고,5
1251,2006,들리나요,5
1252,2006,떠나지마,5
1253,2006,라라라,8
1254,2006,마이동풍(馬耳東風),7
1255,2006,마주치지 말자,5
1256,2006,면도,4
1257,2006,미친 사랑의 노래,5
1258,2006,"바람과 함께 사라지다 (With 바이브, MTOM)",6
1259,2006,봄 여름 가을... 겨울 (feat. 김태우 From God),6
1260,2006,불꽃 (feat. 개리),7
1261,2006,비행기,6
1262,2006,"사랑, 참...",5
1263,2006,사랑 먼지,5
1264,2006,사랑아 가지마,4
1265,2006,사랑은...,6
1266,2006,사랑은 아프려고 하는거죠,5
1267,2006,사랑을 찾아서 (2007 New ver.),7
1268,2006,사랑이 오지 않아요,5
1269,2006,사랑하기 때문에 (feat. SG 워너비),6
1270,2006,사랑한다는 말,6
1271,2006,사랑해요 우리 (With Gummy),6
1272,2006,사랑했어요 (feat. 데니 안),5
1273,2006,소리쳐,6
1274,2006,시한부,3
1275,2006,新 희망사항,6
1276,2006,아무리 생각해도 난 너를,6
1277,2006,아이스크림,9
1278,2006,알 수 없는 인생,6
1279,2006,여인의 향기,7
1280,2006,연예인,5
1281,2006,열 (feat. Tablo),6
1282,2006,오늘 하루,6
1283,2006,웃는거야,5
1284,2006,유추프라카치아,8
1285,2006,"이따, 이따요",6
1286,2006,전부 너였다,4
1287,2006,"제발 (2006년 발매 / Special Album ""남자가 여자를 사랑할 때 Vol.1"" 수록)",4
1288,2006,좋아 좋아,6
1289,2006,죽을만큼...,5
1290,2006,철수야 사랑해,6
1291,2006,콩깍지,7
1292,2006,큐피트,6
1293,2006,태양의 눈물,5
1294,2006,편지,6
1295,2006,폭풍속으로 (One Way) (feat. 에스더),12
1296,2006,피(避),7
1297,2006,하고 싶은 말,4
1298,2006,하기 힘든 말,4
1299,2006,헤어져야 사랑을 알죠,6
1300,2005,"별, 바람, 햇살 그리고 사랑",6
1301,2005,"1,2,3,4. (원,투,쓰리,포.)",7
1302,2005,2 Am (2:00 Am),7
1303,2005,2♡,11
1304,2005,Bye Bye Bye,7
1305,2005,Finkl,5
1306,2005,Fly (Feat. Amin. J of Soulciety),8
1307,2005,Girl Friend,6
1308,2005,Girls On Top,8
1309,2005,Good-Bye Luv..,6
1310,2005,Happiness,4
1311,2005,Hi Ya Ya 여름날,7
1312,2005,I Do,6
1313,2005,"I Love U, Oh Thank U (feat. 김태우)",10
1314,2005,Memory,5
1315,2005,Moto,7
1316,2005,Mr. Flower,6
1317,2005,Rising Sun (순수),6
1318,2005,She Is,6
1319,2005,Shocking Pink Rose,5
1320,2005,Smile Again,3
1321,2005,Stay In Me,10
1322,2005,Super Star,7
1323,2005,Tonight,8
1324,2005,Too Good,4
1325,2005,Tri-Angle (Extended ver.) (feat. BoA & The Trax),5
1326,2005,Y (Please Tell Me Why),9
1327,2005,가슴 아파도,4
1328,2005,가시,4
1329,2005,같은 생각,5
1330,2005,거짓말,4
1331,2005,겁쟁이,4
1332,2005,겨울일기,5
1333,2005,광(狂),5
1334,2005,귀로,4
1335,2005,그녀에게,5
1336,2005,그래도 살아가겠지,5
1337,2005,그리고 그후,6
1338,2005,그리움을 사랑한 가시나무,5
1339,2005,기대,6
1340,2005,꽃들은 지고,3
1341,2005,꽃피는 봄이오면,5
1342,2005,나비 무덤,7
1343,2005,나에게로 떠나는 여행,4
1344,2005,날 그만 잊어요,6
1345,2005,내 눈물이 하는 말,5
1346,2005,내 마음의 보석상자,4
1347,2005,내가 웃는게 아니야 (With Ali),10
1348,2005,너에게 간다,4
1349,2005,너에게 전하는 아홉가지 바램,5
1350,2005,눈물 씻고 화장하고,6
1351,2005,눈물이 나요,4
1352,2005,눈물잔,4
1353,2005,눈의 꽃,6
1354,2005,닮았잖아,4
1355,2005,둘이서,7
1356,2005,"떠나가요, 떠나지마요",5
1357,2005,무조건 (Dance ver.),8
1358,2005,바람이 분다,4
1359,2005,반대가 끌리는 이유,6
1360,2005,보통날,5
1361,2005,보통여자,4
1362,2005,빙고,7
1363,2005,빙고,6
1364,2005,사랑스러워,6
1365,2005,사랑은... 하나다,5
1366,2005,사랑인걸,6
1367,2005,사랑해요,7
1368,2005,사랑했나봐,4
1369,2005,살다가,6
1370,2005,서울의 달,5
1371,2005,세글자,6
1372,2005,아니,4
1373,2005,안부 (duet with 나윤권),6
1374,2005,약속,8
1375,2005,여기까진가요,4
1376,2005,으라차차,4
1377,2005,은영이에게,6
1378,2005,응급실 (Original ver.),3
1379,2005,이별이라는 이름,4
1380,2005,이 여름 Summer,5
1381,2005,일년이면,7
1382,2005,잘 부탁드립니다,5
1383,2005,잘 지내나요,4
1384,2005,전화번호,10
1385,2005,제자리 걸음,5
1386,2005,죄와 벌,6
1387,2005,중독,6
1388,2005,지지 않는 태양,12
1389,2005,짠짜라,5
1390,2005,천하무적,9
1391,2005,체념 後(후),4
1392,2005,추억속의 재회,6
1393,2005,한숨만,5
1394,2005,행복하지 말아요,6
1395,2005,헤어지자고,3
1396,2005,현명한 이별,5
1397,2005,홈런 (feat. 옥주현),8
1398,2005,환희,7
1399,2005,힙합 뮤직 (feat. 임정희),7
1400,2004,내 여자라니까,6
1401,2004,180˚,8
1402,2004,Angel Song,6
1403,2004,Brand New,7
1404,2004,El Disco Amor,5
1405,2004,Feeling,9
1406,2004,For My Love,5
1407,2004,Honeymoon,5
1408,2004,Hot 뜨거,8
1409,2004,Hug,5
1410,2004,It's Raining,6
1411,2004,Let Me Dance (feat. Teddy),9
1412,2004,Liquor Shots (술병에 숟가락),7
1413,2004,Monologue,5
1414,2004,My Little Princess (있잖아요...),4
1415,2004,My Name,6
1416,2004,Ring My Bell (feat. 나얼 Of Brown Eyed Soul),10
1417,2004,Sky,4
1418,2004,Spark,5
1419,2004,Sweety,6
1420,2004,The Way U Are,7
1421,2004,Think About' Chu,5
1422,2004,Timeless,4
1423,2004,Together,5
1424,2004,Windy,8
1425,2004,가슴에 지는 태양,5
1426,2004,갈색머리,4
1427,2004,걸음이 느린 아이,4
1428,2004,고래의 꿈 (Falling In Love Again) (feat. 김영근 - Bobby'S Father),8
1429,2004,광화문연가,5
1430,2004,그 사람의 결혼식,5
1431,2004,그게 정말이니?,4
1432,2004,그곳에 서서,5
1433,2004,그녀가 웃잖아,5
1434,2004,그대는 눈물겹다,5
1435,2004,그래도 남자니까,10
1436,2004,그런 날이 오겠죠,4
1437,2004,그런가봐요...,5
1438,2004,기도 (Last Pray),3
1439,2004,기억상실,4
1440,2004,긴 하루,5
1441,2004,나도 여자랍니다,4
1442,2004,나를 봐,7
1443,2004,내가 눈을 감는 이유,5
1444,2004,내가 당신을 사랑하는 이유,3
1445,2004,너에게로 또다시 (영화 '가족' 주제곡),4
1446,2004,너의 곁으로,6
1447,2004,다 괜찮아요,4
1448,2004,닮은 사람,5
1449,2004,당신과의 키스를 세어보아요,4
1450,2004,대한건아 만세,8
1451,2004,디스코왕,7
1452,2004,따라해 봐,7
1453,2004,로보트,5
1454,2004,멈추지 말아요 (G-Style),4
1455,2004,무지개,4
1456,2004,문신,5
1457,2004,믿어요,5
1458,2004,발작(發作),6
1459,2004,불꽃,5
1460,2004,불치병 (feat. Masta Wu),9
1461,2004,사람찾기,5
1462,2004,사랑은 (Song 정인),5
1463,2004,사랑은 가질 수 없을 때 더 아름답다,6
1464,2004,사랑은...향기를 남기고,5
1465,2004,사랑의 時,4
1466,2004,사랑하길 정말 잘했어요,4
1467,2004,사랑합니다,7
1468,2004,...사랑했잖아...,5
1469,2004,순간을 믿어요,6
1470,2004,슬프지만 진실,7
1471,2004,시간을 찾아서 (feat. 적),7
1472,2004,심장병,5
1473,2004,아가씨와 건달들,7
1474,2004,아프고 화나고 미안해,4
1475,2004,야상곡(夜想曲),6
1476,2004,약한 남자,5
1477,2004,어머나!,5
1478,2004,언제라도,5
1479,2004,여기보다 어딘가에,4
1480,2004,연인,4
1481,2004,열병 (Crazy),6
1482,2004,열정,7
1483,2004,예감 좋은 날,6
1484,2004,오래오래,6
1485,2004,왜이래,5
1486,2004,이제 그만,4
1487,2004,이제서야,4
1488,2004,인연,4
1489,2004,잔소리,4
1490,2004,정상을 향한 독주 2,8
1491,2004,제주도의 푸른 밤,4
1492,2004,죽을 만큼 사랑했어요,3
1493,2004,"친구여 (Dear Friend 2, feat. 인순이)",7
1494,2004,평화의 날,9
1495,2004,하하하쏭,6
1496,2004,한 남자,6
1497,2004,해바라기 (그녀에게..),4
1498,2004,휠릴리,6
1499,2004,흑백사진,3
1500,2003,10 Minutes,5
1501,2003,Again To Me,5
1502,2003,Break Away,6
1503,2003,Bubble Song,6
1504,2003,Cowboy,8
1505,2003,Desperado,4
1506,2003,DJ (feat. Psy For Yamazone),6
1507,2003,Fly High (feat. 정인. 하림),8
1508,2003,Goodbye,6
1509,2003,Hit Song,12
1510,2003,I Swear,8
1511,2003,Love Letter (언약),5
1512,2003,Loveholic,7
1513,2003,Missing You,6
1514,2003,Mr. A-Jo,5
1515,2003,Music,7
1516,2003,Rainy Day,5
1517,2003,Shine,6
1518,2003,Snowman,5
1519,2003,Something Special,6
1520,2003,Stay,6
1521,2003,Stay (Un-skool Edit),5
1522,2003,Street Life (feat. Big Mama & Ill Skillz),8
1523,2003,The Best,5
1524,2003,To My Love,5
1525,2003,Try To Remember,9
1526,2003,With Me,8
1527,2003,Without Your Love,9
1528,2003,감기,3
1529,2003,거부,4
1530,2003,결혼을 할 거라면,6
1531,2003,고백,4
1532,2003,관계,5
1533,2003,그대 돌아오면..,6
1534,2003,그땐 미처 알지 못했지,4
1535,2003,그랬나봐,5
1536,2003,기억이... 눈물이...,7
1537,2003,꽃,3
1538,2003,끝이라면,6
1539,2003,나 어떡해,6
1540,2003,나의 사랑 나의 신부,6
1541,2003,낙원 (feat. 이재훈),5
1542,2003,난 너에게 (To You),7
1543,2003,난(亂),4
1544,2003,남자기 때문에,9
1545,2003,내 삶의 반,5
1546,2003,너 그럴때면,5
1547,2003,너의 결혼식,5
1548,2003,니가 참 좋아,5
1549,2003,다만...,7
1550,2003,다시 만난 날,6
1551,2003,덩그러니,4
1552,2003,돌아와 제발,5
1553,2003,동네 한 바퀴,9
1554,2003,미소,7
1555,2003,바보,5
1556,2003,백설공주를 사랑한 일곱번째 난장이,6
1557,2003,보고 싶다,4
1558,2003,붙잡고도,3
1559,2003,비밀의 화원,5
1560,2003,비상,4
1561,2003,빚,4
1562,2003,사랑하긴 했었나요,3
1563,2003,사랑합니다...,4
1564,2003,소주 한 잔,4
1565,2003,아껴둔 이야기 (Radio Edit ver.) (feat. The Edition),5
1566,2003,아직 못다한 이야기 (feat. BMK),8
1567,2003,아틀란티스 소녀,6
1568,2003,악으로,6
1569,2003,안녕,7
1570,2003,어쩌면...,7
1571,2003,애송이 (feat. Psy),6
1572,2003,앤,3
1573,2003,어떤 사람 A,4
1574,2003,어쩌다...,4
1575,2003,여전히 입술을 깨물죠,4
1576,2003,오늘부터...,5
1577,2003,오리 날다,6
1578,2003,와줘..,6
1579,2003,잊었니,6
1580,2003,잊을께,5
1581,2003,잠시만 안녕,4
1582,2003,점점,4
1583,2003,정말 사랑했을까,5
1584,2003,제비,10
1585,2003,진달래꽃,7
1586,2003,차마...,5
1587,2003,처음 그 날처럼,5
1588,2003,첫사랑,6
1589,2003,청첩장,4
1590,2003,체념,4
1591,2003,친구,4
1592,2003,친구라도 될 걸 그랬어,5
1593,2003,태양을 피하는 방법,8
1594,2003,편지,8
1595,2003,피아노,4
1596,2003,하늘을 달리다,4
1597,2003,한번 단 한번,5
1598,2003,헤어지지 말자,4
1599,2003,혼자가 아닌 나,4
1600,2002,No.1,6
1601,2002,12월 32일,5
1602,2002,4월 이야기 (April Story),5
1603,2002,A Better Day,8
1604,2002,"Bravo, My Life!",9
1605,2002,Buenos Aires,5
1606,2002,Funk,4
1607,2002,Heaven,5
1608,2002,I Pray 4 U,5
1609,2002,If I Leave (나가거든),4
1610,2002,Inmost,3
1611,2002,Last Scene,4
1612,2002,Loving You,5
1613,2002,Memories... (Smiling Tears),8
1614,2002,Miracle,6
1615,2002,More Than Words,4
1616,2002,My Style,8
1617,2002,My Sweetie,7
1618,2002,Never Ending Story,6
1619,2002,Now,11
1620,2002,Perfect Man,6
1621,2002,Rain,5
1622,2002,Remember,6
1623,2002,Sea Of Love,9
1624,2002,Season In The Sun,4
1625,2002,Secret,5
1626,2002,Starry Night,4
1627,2002,Suddenly,5
1628,2002,Summer Vacation,9
1629,2002,Sweet Dream,6
1630,2002,U,8
1631,2002,Valenti,5
1632,2002,가슴앓이,6
1633,2002,그댄 행복에 살텐데,5
1634,2002,그리고 사랑해,5
1635,2002,꿈에,6
1636,2002,나쁜 남자,9
1637,2002,난 사랑에 빠졌죠,6
1638,2002,남자니까,5
1639,2002,낭만 고양이,8
1640,2002,내생에 봄날은,5
1641,2002,내 입술... 따뜻한 커피처럼,6
1642,2002,넌 감동이었어,5
1643,2002,널 위한 이별,4
1644,2002,눈물,8
1645,2002,니가 있어야 할 곳,10
1646,2002,단칼 (Dance),5
1647,2002,대화가 필요해,6
1648,2002,동경소녀,4
1649,2002,떠나가라,6
1650,2002,라라라,6
1651,2002,마지막 약속,4
1652,2002,만년설,4
1653,2002,멋쟁이 신사,8
1654,2002,무한대 (feat. Ash),5
1655,2002,미련한 사랑,5
1656,2002,미안해,4
1657,2002,미워도 다시 한번 (Original ver.),5
1658,2002,반,5
1659,2002,발로차 (feat. 엄정화),10
1660,2002,부탁해요,4
1661,2002,비몽,4
1662,2002,사계,8
1663,2002,사랑 Two,6
1664,2002,사랑은 기억보다 (Memories),6
1665,2002,사랑하고 싶어,4
1666,2002,...사랑하나요!?,4
1667,2002,"사랑해, 이 말 밖엔...",4
1668,2002,사랑해도 될까요?,4
1669,2002,사랑해도 헤어질 수 있다면...,5
1670,2002,아낌없이 주는 나무 (Generous...),5
1671,2002,아로하,6
1672,2002,안녕,4
1673,2002,안녕이란 말대신,5
1674,2002,...안 되나요... (부제: 화양연화),5
1675,2002,애련,7
1676,2002,어머니,5
1677,2002,여정,4
1678,2002,영원,4
1679,2002,우린 제법 잘 어울려요,5
1680,2002,우연 (우울한 우연),8
1681,2002,유행가,5
1682,2002,으악새,6
1683,2002,이별후애(愛),3
1684,2002,이사(移徙),4
1685,2002,잘가요,4
1686,2002,잘못,5
1687,2002,전할 수 없는 이야기 (부제: 시티 오브 엔젤),5
1688,2002,정상에서,3
1689,2002,진실,6
1690,2002,차라리,3
1691,2002,착각의 늪,3
1692,2002,챔피언,8
1693,2002,처음부터 지금까지,6
1694,2002,출국(出國),5
1695,2002,콩가,8
1696,2002,팬이야,6
1697,2002,후(後),5
1698,2002,좋은사람,4
1699,2002,어떤가요,4
1700,2001,With Coffee...,6
1701,2001,A-Yo,10
1702,2001,Baby Baby,4
1703,2001,Change,5
1704,2001,Come To Me,6
1705,2001,Crying,4
1706,2001,Diamond,5
1707,2001,Double,5
1708,2001,Endless,2
1709,2001,Give Me Love,4
1710,2001,Good Life,9
1711,2001,"Hey, Come On !",9
1712,2001,I Believe (엽기적인 그녀 O.S.T),5
1713,2001,I Love You,5
1714,2001,I Love You,5
1715,2001,Je T'aime,6
1716,2001,Jumpo Mambo,6
1717,2001,Magic,7
1718,2001,Never Again,4
1719,2001,Special Night,5
1720,2001,Sweety,6
1721,2001,Wow (ver.1),5
1722,2001,You're My Life,5
1723,2001,가져가,4
1724,2001,감싸 안으며 (Show Me Your Love),4
1725,2001,겨울이야기,5
1726,2001,고백,4
1727,2001,고백,5
1728,2001,고백,4
1729,2001,"구리뱅뱅 (feat. 1kyne, 난아)",7
1730,2001,그대만의 나이길 (feat. 김연우),5
1731,2001,그런일은,3
1732,2001,기다리는 이유,4
1733,2001,기억이란 사랑보다,6
1734,2001,길,7
1735,2001,꿈을 모아서 (Just In Love),5
1736,2001,끝,7
1737,2001,끝 (End),8
1738,2001,난 남자다,5
1739,2001,난 여자가 있는데,6
1740,2001,날 닮은 너,5
1741,2001,내게 오는 길 (Bonus Track),5
1742,2001,내게 와 줘,4
1743,2001,너 그럴때면,5
1744,2001,니가 필요해,8
1745,2001,다가라,6
1746,2001,다시 사랑한다 말할까,6
1747,2001,다시 사랑한다면,4
1748,2001,다짐 (feat. 김구),4
1749,2001,당신은 모르실거야,6
1750,2001,동경,4
1751,2001,딱이야!,7
1752,2001,떠난 너,5
1753,2001,또 한번 사랑은 가고,5
1754,2001,먼곳에서,5
1755,2001,미소천사,6
1756,2001,미안해요,4
1757,2001,믿을진 모르겠지만,7
1758,2001,밤이 깊었네,7
1759,2001,백일기도,6
1760,2001,백전무패(百戰無敗),7
1761,2001,벌써 일년,5
1762,2001,봄날은 간다 - 영화 '봄날은 간다' 中에서,4
1763,2001,북극성,4
1764,2001,빛 (feat. 김조한),5
1765,2001,사랑하니까,4
1766,2001,사미인곡,4
1767,2001,새,6
1768,2001,선물,4
1769,2001,시간이 흐른 뒤 (As Time Goes By),5
1770,2001,아름다운 날들,4
1771,2001,약속,4
1772,2001,어제 오늘 그리고,6
1773,2001,연인(戀人),3
1774,2001,오늘까지만,4
1775,2001,오빠,6
1776,2001,원하고 원망하죠,3
1777,2001,이연(異緣),4
1778,2001,인형 (duet with 신혜성),3
1779,2001,잘가요 내 사랑,4
1780,2001,제발,4
1781,2001,좋은 사람 (feat. 김형중),5
1782,2001,진혼,4
1783,2001,짱가,4
1784,2001,찾길 바래 (I Will Be Back),9
1785,2001,처음처럼,4
1786,2001,추락,4
1787,2001,축복,5
1788,2001,파도,5
1789,2001,파란,5
1790,2001,팥빙수,4
1791,2001,편지 (Original ver.),6
1792,2001,하나의 사랑,4
1793,2001,하루 (Original ver.),5
1794,2001,하루,4
1795,2001,항상 엔진을 켜둘께,3
1796,2001,혼잣말,5
1797,2001,화장을 고치고,4
1798,2001,휘파람,9
1799,2001,희생 (Remastering),4
1800,2000,멍,4
1801,2000,831 8,3
1802,2000,All Your Dreams,6
1803,2000,Annie,5
1804,2000,Back To The Real Life,4
1805,2000,Blue Sky,4
1806,2000,Cyber Lover,6
1807,2000,Dash,5
1808,2000,Day By Day,4
1809,2000,Day By Day,4
1810,2000,Escape,4
1811,2000,Feeling,5
1812,2000,Friday Night,9
1813,2000,Hey U (feat. Danny Ohm),8
1814,2000,I Believe,5
1815,2000,ID; Peace B,6
1816,2000,Lie (Radio Ver.),5
1817,2000,Marry Me,5
1818,2000,Now,7
1819,2000,"Oh, My Julia (""Juliani Heartbreak"")",5
1820,2000,One Love,8
1821,2000,Only One,6
1822,2000,Outside Castle,7
1823,2000,Passion,7
1824,2000,Rain,4
1825,2000,Run To You,9
1826,2000,Sad Salsa,4
1827,2000,Tears,4
1828,2000,Twilight Zone,7
1829,2000,Why,6
1830,2000,You Mean Everything To Me,6
1831,2000,가니,3
1832,2000,가시나무,5
1833,2000,거짓말,6
1834,2000,고마워요,5
1835,2000,고백,6
1836,2000,그대 내게 묻는다면,3
1837,2000,그대가 그대를,4
1838,2000,그대니까요 (duet with 차은주),3
1839,2000,그대도...내게도...,4
1840,2000,기도,4
1841,2000,나의 연인(我戀),4
1842,2000,너 (Original),4
1843,2000,너 정말?,3
1844,2000,너를 보내고,4
1845,2000,너를 위해,3
1846,2000,노을의 연가,5
1847,2000,다 알아요,4
1848,2000,다 줄거야,4
1849,2000,다짐 (feat. 김구),4
1850,2000,매직 카펫 라이드,5
1851,2000,맥주와 땅콩,7
1852,2000,머리 치워 머리,4
1853,2000,바다의 왕자,4
1854,2000,바보,4
1855,2000,부메랑,5
1856,2000,비(悲)의 Rhapsody,4
1857,2000,비전 (飛展),4
1858,2000,"삐에로 (feat. D.Bace, Jed)",6
1859,2000,사랑은 아무나 하나,4
1860,2000,사랑해 그리고 기억해,6
1861,2000,사슬,6
1862,2000,상실,4
1863,2000,상처(傷處),5
1864,2000,서방님,4
1865,2000,성인식,6
1866,2000,섹시한 남자,7
1867,2000,아가페,4
1868,2000,아름다운 아픔,5
1869,2000,아시나요,4
1870,2000,애수(哀愁),8
1871,2000,어제처럼,4
1872,2000,엄마야,7
1873,2000,연가 (戀歌),6
1874,2000,영원,4
1875,2000,오! 가니,6
1876,2000,오랜 방황의 끝,4
1877,2000,와인,4
1878,2000,왜,5
1879,2000,왠지 느낌이 좋아,5
1880,2000,욕망이란 이름...,5
1881,2000,울트라맨이야,6
1882,2000,위대한 탄생 (Fetticcini),7
1883,2000,이해할께,4
1884,2000,잘됐어!!!,7
1885,2000,전설속의 누군가처럼,7
1886,2000,주문을 걸어,5
1887,2000,중독된 사랑,5
1888,2000,천애 (For You......),5
1889,2000,"초련 (Original Mix, feat. 윤진)",6
1890,2000,쾌지나 칭칭,8
1891,2000,Summer Couple (태양은 가득히),3
1892,2000,편지,4
1893,2000,풍변기곡(風變旗曲),7
1894,2000,학교를 안갔어!,5
1895,2000,한 (Come A Come),6
1896,2000,해석남녀,6
1897,2000,해줄 수 없는 일,5
1898,2000,흔들린 우정,6
1899,2000,"힘을 내요, 미스터 김",5
1900,1999,For Your Soul (슬픈 영혼식),4
1901,1999,1TYM,5
1902,1999,Addio,4
1903,1999,Beautiful Girl,4
1904,1999,Blue Day,4
1905,1999,Com' Back,6
1906,1999,Festival (인생은 아름다워),5
1907,1999,Fever (feat. 이정현),4
1908,1999,Get Up,9
1909,1999,Gimme! Gimme!,7
1910,1999,Happy Birthday To You,5
1911,1999,I Believe,5
1912,1999,I'm Still Loving You,3
1913,1999,It's You,5
1914,1999,Killer,7
1915,1999,Kiss Me,5
1916,1999,Love Affair,4
1917,1999,Lying,7
1918,1999,Missing You,3
1919,1999,Top (Twinkling Of Paradise),7
1920,1999,"Tell Me, Tell Me",6
1921,1999,Winwin,9
1922,1999,Yesterday (Newmix ver.),4
1923,1999,Yo! (악동보고서),7
1924,1999,거짓말 같은 시간 (feat. 김연우),4
1925,1999,관찰,6
1926,1999,귀거래사(歸去來辭),4
1927,1999,그녀의 연인에게 #Story 1,4
1928,1999,그대는 모릅니다,3
1929,1999,기도 (Good),6
1930,1999,기적 (duet with 이소은),4
1931,1999,깊은 슬픔,3
1932,1999,난 널 원해,12
1933,1999,내 남은 사랑을 위해,4
1934,1999,너를 보내며,3
1935,1999,너를 사랑해 (feat. 하대환),6
1936,1999,너희가 힙합을 아느냐?,7
1937,1999,눈물 (영화 파리넬리 中 헨델곡 '울게 하소서' Lascia Ch'io Pianga Intro 인용),3
1938,1999,돌아와 (feat. 김태영),6
1939,1999,되돌아온 이별,4
1940,1999,마지막 사랑,3
1941,1999,마지막 사랑,4
1942,1999,만남,5
1943,1999,몰라,4
1944,1999,무죄(無罪),4
1945,1999,미안해 널 미워해,5
1946,1999,미절 (Misery),5
1947,1999,바꿔,4
1948,1999,바람과 함께 사라지다,5
1949,1999,배웅,4
1950,1999,부담,5
1951,1999,부메랑,5
1952,1999,불멸의 사랑,5
1953,1999,비애,5
1954,1999,비원(悲願),5
1955,1999,비정(非情),4
1956,1999,"사랑, 결코 시들지 않는...",6
1957,1999,사랑과 영혼 (feat. 김태영),6
1959,1999,사랑하게 되면,5
1960,1999,선택,5
1961,1999,세가지 소원,4
1962,1999,세상은,5
1963,1999,순수,5
1964,1999,순정(純情) (London Boys의 I'm Gonna Give My Heart 전주 인용),4
1965,1999,슬픈 사랑의 노래 (duet with 이소라),5
1966,1999,슬픈 선물,5
1967,1999,슬픈침묵 (친구이길 원했던 친구에게...),8
1968,1999,시작,6
1969,1999,신부에게,4
1970,1999,실루엣,3
1971,1999,실연,5
1972,1999,아름답게 사랑하는 날까지 - 금지된 사랑 Ⅱ,5
1973,1999,아이야! (I yah!),7
1974,1999,어머님께,7
1975,1999,여전히 아름다운지 (feat. 김연우),4
1976,1999,연애,4
1977,1999,열정 (熱情),8
1978,1999,영원,4
1979,1999,영원으로,4
1980,1999,영원한 사랑,6
1981,1999,예감,6
1982,1999,오직 너뿐인 나를...,5
1983,1999,와,4
1984,1999,우리는 Y.G Family,7
1985,1999,이미 슬픈 사랑,4
1986,1999,인연,4
1987,1999,자유선언,4
1988,1999,작별,3
1989,1999,주문을 걸어,5
1990,1999,집착 (2009 Remastering),6
1991,1999,처음이었어요,2
1992,1999,천년의 사랑,5
1993,1999,태권 V,5
1994,1999,투혼(鬪魂) (The Spirit Of Fighter),5
1995,1999,편지할께요,6
1996,1999,하루 하루 (Original),8
1997,1999,헤어진 후에,4
1998,1999,호기심,6
1999,1999,후회,5
2000,1998,Dreams Come True,5
2001,1998,P.S. I Love You,4
2002,1998,1:1,7
2003,1998,Blue Rain,5
2004,1998,Epilogue,3
2005,1998,Everybody,7
2006,1998,Good-Bye Love,5
2007,1998,Happy Together,4
2008,1998,Honey,6
2009,1998,('Cause) I'm Your Girl,4
2010,1998,Love Love,6
2011,1998,Love Song,4
2012,1998,"Oh, My Love",5
2013,1998,Poison,4
2014,1998,Road Fighter,8
2015,1998,Say Good Bye,3
2016,1998,Solo예찬,4
2017,1998,To Heaven (천국으로 보낸 편지),4
2018,1998,거꾸로 강을 거슬러 오르는 저 힘찬 연어들처럼,4
2019,1998,거짓말도 보여요,2
2020,1998,고개숙인 너에게,3
2021,1998,귀머거리 하늘,5
2022,1998,그녀와의 이별,5
2023,1998,그녀의 생일,3
2024,1998,금지된 사랑,4
2025,1998,길,4
2026,1998,나나나,7
2027,1998,나보다 더 나를 사랑한,5
2028,1998,나와 같다면,4
2029,1998,나의 사랑 천상(天上)에서도,6
2030,1998,나의 하루,4
2031,1998,난 행복해,4
2032,1998,내 낡은 서랍 속의 바다,5
2033,1998,내 남자 친구에게,7
2034,1998,내가 기다린 사랑,6
2035,1998,내게 너무 이쁜 그녀,4
2036,1998,내게 다시,6
2037,1998,내안의 그대,6
2038,1998,널 위해 준비된 사랑,3
2039,1998,네박자,5
2040,1998,눈물,3
2041,1998,늑대와 함께 춤을,4
2042,1998,도,6
2043,1998,루비(淚悲):슬픈 눈물,7
2044,1998,마지막 사랑,4
2045,1998,말달리자,4
2046,1998,먼 훗날,4
2047,1998,무모한 사랑,6
2048,1998,뭐를 잘못한거니!,4
2049,1998,미래(未來),4
2050,1998,믿음,4
2051,1998,밀랍천사,6
2052,1998,배려,3
2053,1998,별이 되어,5
2054,1998,보낼 수 밖에 없는 난,4
2055,1998,비(悲),4
2056,1998,비원(悲願),3
2057,1998,빛 (Hope),8
2058,1998,뻐꾸기 둥지위로 날아간 새,4
2059,1998,사람이 꽃보다 아름다워,6
2060,1998,사랑만들기,8
2061,1998,사랑은 유리같은 것,3
2062,1998,사랑이 떠나가네,4
2063,1998,사랑한후에,5
2064,1998,세상은,5
2065,1998,세상의 모든 이별,2
2066,1998,세상이 그대를 속일지라도,3
2067,1998,소원,4
2068,1998,슬픈 얼굴,6
2069,1998,십년이 지나도,3
2070,1998,악마의 연기 (feat. Perry),6
2071,1998,알고 싶어요!,5
2072,1998,애상,5
2073,1998,애심 (Remix),7
2074,1998,애인이 생겼어요 (True Love),6
2075,1998,야야야,6
2076,1998,열맞춰! (Line Up!),5
2077,1998,오락실,5
2078,1998,올라올라,6
2079,1998,왜불러,6
2080,1998,외출,2
2081,1998,유리,3
2082,1998,이별,3
2083,1998,일상으로의 초대 (Radio Mix),6
2084,1998,자꾸 자꾸,6
2085,1998,정인(情人) (Song 김기주),3
2086,1998,지킬 수 없는 약속,4
2087,1998,진심,3
2088,1998,착한 사랑,4
2089,1998,처음주신 사랑,5
2090,1998,커플 (Couple),3
2091,1998,하나,4
2092,1998,하나의 사랑,4
2093,1998,할 수 있어,7
2094,1998,해에게서 소년에게,5
2095,1998,행복한 나를,6
2096,1998,향수 (그때가 그리워),3
2097,1998,헤어진 다음날,5
2098,1998,혼자한 사랑,5
2099,1998,회상 (December),6
2100,1997,늑대와 양,11
2101,1997,16/20 (열여섯 스물),7
2102,1997,Cat's Eye,3
2103,1997,Doc와 춤을,5
2104,1997,Forever,3
2105,1997,Gasoline (Original ver.),4
2106,1997,Goodbye Yesterday,4
2107,1997,"Here, I Stand For You (Original ver.)",4
2108,1997,Lonely Night,5
2109,1997,Memories,3
2110,1997,Remember,5
2111,1997,Summer Time,7
2112,1997,가위,5
2113,1997,가을의 전설,2
2114,1997,가족,5
2115,1997,개성,5
2116,1997,거위의 꿈,6
2117,1997,결혼해줘,4
2118,1997,괜찮아,3
2119,1997,그녀는 예뻤다,4
2120,1997,그녀는...,6
2121,1997,그녀를 위해,5
2122,1997,그대 떠나가도,4
2123,1997,그대는 어디에,4
2124,1997,그때 또 다시 (Again),4
2125,1997,그땐 그랬지,5
2126,1997,그래,6
2127,1997,기억해 줘,4
2128,1997,꿈의 대화,5
2129,1997,끼리 끼리,7
2130,1997,나는 나,7
2131,1997,나를 슬프게 하는 사람들,6
2132,1997,나만의 슬픔 (Rock Ballad),4
2133,1997,나만의 신부,5
2134,1997,날개,6
2135,1997,널 닮은 세상에서,3
2136,1997,네모의 꿈,5
2137,1997,"다시 돌아온 그대위해 (With 정재형, 이소라, 유영석...)",6
2138,1997,다시 만나 줘,7
2139,1997,도시 탈출,5
2140,1997,독립선언,5
2141,1997,라일락이 질때,5
2142,1997,말해줘 (feat. 엄정화),9
2143,1997,맨발의 청춘,6
2144,1997,무기여 잘 있거라,4
2145,1997,무한지애(無恨之愛),5
2146,1997,뮤지컬,4
2147,1997,믿어지지 않는 얘기,3
2148,1997,바다,8
2149,1997,바람의 노래,4
2150,1997,바램 (feat. 변재원),3
2151,1997,발걸음,5
2152,1997,배반의 장미,4
2153,1997,백만송이 장미,6
2154,1997,버스 안에서,5
2155,1997,비상,4
2156,1997,비련,6
2157,1997,비오는 거리,5
2158,1997,빙빙빙,5
2159,1997,뿌요 뿌요 <Pyo Pyo>,7
2160,1997,사나이 가는 길 (폼생 폼사),5
2161,1997,사랑을 위하여,4
2162,1997,사랑해 (D.O Original Mix),3
2163,1997,상록수,2
2164,1997,상처 (드라마 '별은 내 가슴에'),3
2165,1997,소원,5
2166,1997,순애보,3
2167,1997,심연(深淵),7
2168,1997,아름다운 구속,5
2169,1997,악세사리,4
2170,1997,암연,5
2171,1997,애송이의 사랑,4
2172,1997,애수,2
2173,1997,애원(愛遠),3
2174,1997,어떤 약속,3
2175,1997,연인,6
2176,1997,연정(戀情),6
2177,1997,영원,4
2178,1997,영원(永遠),3
2179,1997,오늘도 난,3
2180,1997,왜 하늘은...,5
2181,1997,요즘여자 요즘남자,6
2182,1997,용서,6
2183,1997,운명,5
2184,1997,이별,3
2185,1997,자유인,4
2186,1997,재회(再會),7
2187,1997,저 바다가 날 막겠어 (Monday),6
2188,1997,졸업,4
2189,1997,진실에 관하여,4
2190,1997,질투,7
2191,1997,챠우챠우 - 아무리 애를 쓰고 막아 보려 해도 너의 목소리가 들려,6
2192,1997,청혼,6
2193,1997,Candy (캔디),7
2194,1997,타인,5
2195,1997,하늘땅 별땅,6
2196,1997,학원별곡(學園別曲),8
2197,1997,해변의 여인,4
2198,1997,행복,7
2199,1997,현명한 선택,4
2200,1996,겨울 이야기 (Radio ver.),6
2201,1996,1024 (10월 24일),6
2202,1996,3!4!,6
2203,1996,7년간의 사랑,4
2204,1996,Bow Wow,2
2205,1996,Good Bye,4
2206,1996,Goodbye 애니,4
2207,1996,I Miss You,3
2208,1996,Love Is... (3+3=0),5
2209,1996,Please,4
2210,1996,Show,6
2211,1996,Twist King,6
2212,1996,가질수 없는 너,4
2213,1996,공주는 외로워,4
2214,1996,귀천도애(歸天道哀),4
2215,1996,그대 내 품에,3
2216,1996,그럴때마다,3
2217,1996,그럼에도 불구하고,3
2218,1996,기억속의 먼 그대에게,5
2219,1996,꽃밭에서,3
2220,1996,꿍따리 샤바라,8
2221,1996,끝없는 사랑,3
2222,1996,나만의 그대모습,5
2223,1996,나만의 회상,3
2224,1996,나보다 조금 더 높은 곳에 니가 있을뿐,5
2225,1996,나에게로의 초대,6
2226,1996,나의 성공담,6
2227,1996,내 눈물모아,5
2228,1996,내 방식대로의 사랑 (House ver.),7
2229,1996,내가 너의 곁에 잠시 살았다는 걸,6
2230,1996,너를 품에 안으면,5
2231,1996,너의 얘기를,4
2232,1996,넌 나의 처음이자 마지막이야! (R&B Ballad),5
2233,1996,넌 남이 아냐 (House ver.),5
2234,1996,널 사랑하겠어,6
2235,1996,널 위한 거야,5
2236,1996,늘 지금처럼 (Come On Baby Tonight),5
2237,1996,님은 먼곳에,5
2238,1996,다시 난 사는 거야,3
2239,1996,달팽이,4
2240,1996,딸기,5
2241,1996,마지막 너를 보내며 (Woman),3
2242,1996,마지막 약속,6
2243,1996,...말하자면,6
2244,1996,미녀와 야수 (OK? OK!),7
2245,1996,배반,3
2246,1996,비련,6
2247,1996,빨간우산,5
2248,1996,사랑의 마음 가득히,3
2249,1996,사자후(獅子喉),6
2250,1996,선택,4
2251,1996,송가(送歌),4
2252,1996,스피드,4
2253,1996,슬퍼지려 하기 전에,5
2254,1996,슬픈 기대,3
2255,1996,슬픈 언약식,4
2256,1996,슬픔이 올때,3
2257,1996,시대유감(時代遺憾),5
2258,1996,쌈바의 여인,4
2259,1996,아담의 심리,5
2260,1996,Aspirin 아스피린 (12 String Guitar Ver.),4
2261,1996,어느 째즈바...,5
2262,1996,애인(愛人),6
2263,1996,어떤가요?,3
2264,1996,여름 이야기,5
2265,1996,여우야(女雨夜),6
2266,1996,영원히 내게,3
2267,1996,완전한 사랑,4
2268,1996,왜 그래,7
2269,1996,왼손잡이,4
2270,1996,우리의 밤은 당신의 낮보다 아름답다,4
2271,1996,운명,4
2272,1996,이방인(異邦人),2
2273,1996,이젠 널 인정하려해,3
2274,1996,인형의 꿈,4
2275,1996,일생을,5
2276,1996,잊을수 없는 너,3
2277,1996,작은 기다림,5
2278,1996,전사의 후예 (폭력시대),9
2279,1996,정,5
2280,1996,조조 할인 (duet with 이적),4
2281,1996,존재의 이유,5
2282,1996,좋아 좋아,5
2283,1996,준비 없는 이별,4
2284,1996,진이,6
2285,1996,착각 (Reggae House),5
2286,1996,찬란한 사랑 (상심 Ⅱ),6
2287,1996,찰랑찰랑,5
2288,1996,책임져,6
2289,1996,처음 느낌 그대로,4
2290,1996,천상유애(天上有愛),6
2291,1996,천생연분,4
2292,1996,취중진담(醉中眞談),5
2293,1996,풍요 속 빈곤,6
2294,1996,콩깍지,2
2295,1996,필요한 건 시간일뿐,2
2296,1996,하늘만 허락한 사랑,3
2297,1996,혼자만의 겨울,3
2298,1996,환생,4
2299,1996,후회 없는 사랑,5
2300,1995,날개 잃은 천사,8
2301,1995,3분 55초간의 고백,4
2302,1995,Come Back Home,6
2303,1995,G 카페,5
2304,1995,Happy End (Editver),5
2305,1995,Money,6
2306,1995,Mystery,8
2307,1995,가면놀이,5
2308,1995,가질 수 없는 너,4
2309,1995,갈채,5
2310,1995,검은 고양이,7
2311,1995,겨울이야기,5
2312,1995,고요속의 외침,3
2313,1995,고향이 남쪽이랬지,4
2314,1995,굴레를 벗어나,5
2315,1995,그대도 나 같음을,4
2316,1995,그대만의 전설,4
2317,1995,그리움만 쌓이네,3
2318,1995,기다릴줄 아는 지혜,3
2319,1995,기억에 남는 건 너의 젖은 눈동자,4
2320,1995,기억해줘,4
2321,1995,끝난건가요,3
2322,1995,나 어릴적 꿈,7
2323,1995,나를...,3
2324,1995,나만의 친구 (Hip Hop),5
2325,1995,난 행복해,4
2326,1995,남자답게 사는 법,6
2327,1995,날 위한 이별,4
2328,1995,낭만에 대하여,4
2329,1995,내 마음속에 (feat. 조규찬),5
2330,1995,내 사랑 못난이,3
2331,1995,내가 날 버린 이유 (R&B Ballad),4
2332,1995,내가 만일,6
2333,1995,내게로,6
2334,1995,너를 품에 안으면,5
2335,1995,너무 아픈 사랑은 사랑이 아니었음을,6
2336,1995,너의 곁에 있고 싶어,3
2337,1995,너의 곁으로,4
2338,1995,넌 남이 아냐 (House ver.),5
2339,1995,넌 내꺼,4
2340,1995,넌 친구 난 연인!,3
2341,1995,널 보낸 후에,3
2342,1995,널 보낸 후에 - Good Bye Lady,5
2343,1995,늪,5
2344,1995,다만,5
2346,1995,단발머리,4
2347,1995,드라마,4
2348,1995,떠나려는 그대를,3
2349,1995,말할걸 그랬지,4
2350,1995,말해 줄께,5
2351,1995,머피의 법칙,5
2352,1995,(이런 XX) 뭐야 이건,5
2353,1995,미궁,5
2354,1995,미인,5
2355,1995,부디,4
2356,1995,비밀은 없어,7
2357,1995,사랑 느낌,5
2358,1995,사랑을 할거야,5
2359,1995,사랑의 서약,4
2360,1995,산다는 건 다 그런게 아니겠니,5
2361,1995,살다보면,2
2362,1995,상상속의 너 (Reggae House Music),6
2363,1995,상심,3
2364,1995,쇼팽과 인어공주,4
2365,1995,슬프도록 아름다운 ...,3
2366,1995,슬픈 인연,2
2367,1995,시간이 흐른뒤에,2
2368,1995,아빠와 함께 뚜비뚜바,5
2369,1995,아름다운 이별,5
2370,1995,안녕하세요,4
2371,1995,알라딘의 램프,6
2372,1995,애인 만들기,6
2373,1995,어느 60대 노부부 이야기,4
2374,1995,어떤 그리움,5
2375,1995,어제와 다른 오늘 (Rave Dance Music),6
2376,1995,영원한 사랑,3
2377,1995,오랜 이별뒤에,5
2378,1995,오렌지 향기속으로,4
2379,1995,왕자와 병사들,5
2380,1995,요즘 우리는,6
2381,1995,유년시절의 기행 (Duet),3
2382,1995,이 밤의 끝을 잡고 (R&B Ballad),6
2383,1995,이별 공식,6
2384,1995,이브의 경고 (Jungle),6
2385,1995,이유같지 않은 이유,7
2386,1995,잘못된 만남,7
2387,1995,찬찬찬,4
2388,1995,천일동안,4
2389,1995,청바지 아가씨,9
2390,1995,청혼가,5
2391,1995,친구를 위해,5
2392,1995,텅빈 객석,5
2393,1995,포기하지 마,4
2394,1995,플라스틱 신드롬,8
2395,1995,필승(必勝),4
2396,1995,학창시절,4
2397,1995,혼자만의 사랑,3
2398,1995,흔들리지 마,3
2399,1995,흥보가 기가막혀,7
2400,1994,핑계 (Reggae),3
2401,1994,100일째 만남,5
2402,1994,1994년 어느 늦은 밤,3
2403,1994,99.9,4
2404,1994,W.H.I.T.E.,5
2405,1994,가을 우체국 앞에서,4
2406,1994,갈색추억,2
2407,1994,갈테면 가라지,4
2408,1994,겨울바람,5
2409,1994,결론,4
2410,1994,교실 이데아,7
2411,1994,그냥 걸었어,5
2412,1994,그대 눈물까지도,3
2413,1994,그대 사랑안에 머물러,4
2414,1994,그대만을 위한 사랑,6
2415,1994,그대와 함께,4
2416,1994,그대의 향기,2
2417,1994,그래 이젠,3
2418,1994,그리움으로 지는 너,4
2419,1994,그 후로 오랫동안,4
2420,1994,기억속의 멜로디 (Melody In Melody),4
2421,1994,기억의 습작,5
2422,1994,나는 문제 없어,5
2423,1994,나를 지켜줘,4
2424,1994,나의 너에게,4
2425,1994,나의 토요일,4
2426,1994,난 너에게,4
2427,1994,난 널 사랑해,5
2428,1994,날 떠나지마,4
2429,1994,날아라 병아리,5
2430,1994,남겨진 독백,4
2431,1994,낯선 사람들,5
2432,1994,내가 널 닮아갈 때 (Jazz Hip Hop),6
2433,1994,내가 선택한 길 (Part Ⅰ),3
2434,1994,내게,3
2435,1994,내 안에 너의 모습,5
2436,1994,너를 잊을 수 없어 I,6
2437,1994,너만을 느끼는 나 (Rock ver.),7
2438,1994,너만을 사랑했다,4
2439,1994,너 없는 동안,3
2440,1994,너의 뒤에서,6
2441,1994,너이길 원했던 이유,6
2442,1994,너 하나만을 위해,6
2443,1994,넌 언제나,4
2444,1994,넌 할 수 있어,4
2445,1994,노을에 기댄 이유,3
2446,1994,늪,5
2447,1994,달의 몰락,5
2448,1994,또 다른 시작,4
2449,1994,뚜벅이 사랑,4
2450,1994,립스틱 짙게 바르고,5
2451,1994,마마 보이,6
2452,1994,마법의 성,4
2453,1994,마지막 승부,4
2454,1994,멀어져 간 사람아,4
2455,1994,밀회,4
2456,1994,발해를 꿈꾸며,5
2457,1994,변덕스런 그녀 (European House Music),5
2458,1994,변하지 않는건 (Les Parapluies De Cherbourg(Intro 삽입)),4
2459,1994,비창,4
2460,1994,사랑과 우정사이,5
2461,1994,사랑을 그대 품안에,2
2462,1994,사랑이라 부를 수 있을까,4
2463,1994,사랑할수록,4
2464,1994,새로운 느낌,3
2465,1994,색깔속의 비밀,2
2466,1994,서랍속의 추억 (Jazz Reggae Hip Hop),4
2467,1994,서른 즈음에,5
2468,1994,서시,5
2469,1994,서울 대전 대구 부산,5
2470,1994,서울 이곳은,3
2471,1994,세상 밖으로,4
2472,1994,슈퍼맨의 비애,5
2473,1994,시작되는 연인들을 위해,4
2474,1994,심리테스트,6
2475,1994,아름다운 너에게,2
2476,1994,어떤 기다림 (House Music),4
2477,1994,어려워 정말,6
2478,1994,어색한 느낌,3
2479,1994,여름 안에서,6
2480,1994,예행연습,4
2481,1994,오래된 친구,4
2482,1994,오래전 그날,4
2483,1994,용서,3
2484,1994,우리는,5
2485,1994,일과 이분의 일,6
2486,1994,일어나,4
2487,1994,자유시대,4
2488,1994,잔인한 너,4
2489,1994,종로에서,3
2490,1994,종원에게 (눈물 흘리지 말아요),4
2491,1994,짧은 다짐,2
2492,1994,처음 그 느낌처럼,4
2493,1994,추억#1,5
2494,1994,칵테일 사랑,5
2495,1994,포플러 나무 아래,3
2496,1994,하얀 겨울,6
2497,1994,혼자만의 사랑 (R&B Ballad),3
2498,1994,혼자만의 사랑,5
2499,1994,화려하지 않은 고백,3
2500,1993,애모,4
2501,1993,18번가의 비밀,4
2503,1993,Pilot (파일럿),2
2504,1993,Say Yes (Part. 1),4
2505,1993,TV를 보면서,4
2506,1993,가을편지,3
2507,1993,각자의 길,4
2508,1993,갈망,3
2509,1993,거기 지금 누구인가,6
2510,1993,걸어서 하늘까지,3
2511,1993,겨울비,4
2512,1993,그녀의 아침,3
2513,1993,그대 나를 떠나가나요,3
2514,1993,그대 나를 보면,4
2515,1993,그대 내게 다시,4
2516,1993,그대안의 블루,4
2517,1993,그대에게 띄우는 편지,4
2518,1993,그대 창가로 눈부신 아침이,4
2519,1993,그때는 알겠지,4
2520,1993,그래도 이제는,3
2521,1993,꿈속에서 (대상/특별상),4
2522,1993,나를 돌아봐,6
2523,1993,나의 곁엔 언제나,4
2524,1993,난 멈추지 않는다,5
2525,1993,난 알아요 (Club Mix),6
2526,1993,내일은 늦으리,4
2527,1993,너는 왜,8
2528,1993,너를 사랑해,5
2529,1993,너에게,6
2530,1993,너에게 원한건,6
2531,1993,너에게로 가는 길 (주제곡),3
2532,1993,너의 결혼식,5
2533,1993,너의 사고방식,6
2534,1993,널 사랑하니까,3
2535,1993,노란 손수건,5
2536,1993,눈동자,3
2537,1993,당신은 사파이어처럼 (In Studio),3
2538,1993,당신이 그리워질 때,4
2539,1993,더 늦기 전에 (Theme Song),4
2540,1993,덩크 슛 (Dunk Shot),5
2541,1993,두근두근 쿵쿵,10
2542,1993,또 다른 만남을 위해,4
2543,1993,...라구요,4
2544,1993,마음의 거리,5
2545,1993,먼 훗날에,4
2546,1993,모두 잠든 후에,4
2547,1993,방황,6
2548,1993,변명,5
2549,1993,보고싶은 여인,4
2550,1993,비와 외로움,5
2551,1993,사는게 뭔지 (DJ처리 Remix ver.),4
2552,1993,사랑 그대로의 사랑,7
2553,1993,사랑하지 않을 거야,3
2554,1993,산골 소년의 사랑이야기,5
2555,1993,산다는 것은,2
2556,1993,성냥갑속 내 젊음아,6
2557,1993,세상은 요지경,4
2558,1993,소나기,2
2559,1993,少年(소년),4
2560,1993,소양강 처녀,3
2561,1993,신(新) 인류의 사랑,4
2562,1993,아껴둔 사랑을 위해,3
2563,1993,Arabian Night (아라비안 나이트),6
2564,1993,아주 오래된 연인들,4
2565,1993,아픈 기억속으로,3
2566,1993,알 수 없는 질문들,3
2567,1993,알려지지 않은 아라비안나이트,2
2568,1993,알수 없는 이별,5
2569,1993,어제와 같은 사랑,6
2570,1993,언제나 (Always),3
2571,1993,언제나 그 자리에,2
2572,1993,언젠가는,4
2573,1993,여자 여자 여자,4
2574,1993,연인 (Original ver.),3
2575,1993,옛 친구에게,5
2576,1993,오래된 사진처럼,3
2577,1993,오렌지나라의 앨리스,4
2578,1993,우리 모두 사랑하자,5
2579,1993,우리가 세상에 길들기 시작한 후부터,7
2580,1993,우리도 접시를 깨뜨리자,5
2581,1993,우리들만의 추억,6
2582,1993,이 거리엔 비가 (House Mix),3
2583,1993,이등병의 편지,3
2584,1993,이별 없던 세상,4
2585,1993,이별연습,4
2586,1993,입영열차안에서,3
2587,1993,있는 그대로,3
2588,1993,잊어야 한다는 마음으로,4
2589,1993,장미의 미소,5
2590,1993,처음 사랑,3
2591,1993,첫인상 (Re-Mix),4
2592,1993,출발,2
2593,1993,친구라 말 할수 있는건,6
2594,1993,프란다스의 개,4
2595,1993,하늘 아래서 (New ver.),4
2596,1993,하여가(何如歌),7
2597,1993,한번 더 생각해봐요,4
2598,1993,함께 (duet with 김건모),4
2599,1993,흔적,3
2600,1992,난 알아요 (Club Mix),6
2601,1992,59년 왕십리,4
2602,1992,10년전의 일기를 꺼내어,4
2603,1992,가나다라마바사 (Pass Word),6
2604,1992,가려진 시간 사이로,4
2605,1992,가을 아침,6
2606,1992,가을빛 추억,3
2607,1992,가을이 가도,3
2608,1992,가장무도회,4
2609,1992,개꿈,3
2610,1992,걱정하지마,5
2611,1992,그곳에,3
2612,1992,그대가 나를 사랑하신다면,4
2613,1992,그대는 바람처럼,2
2614,1992,그대도 나처럼 외로운지,5
2615,1992,그래도 안녕,3
2616,1992,그런대로,4
2617,1992,그사랑 그사랑 어디서 오는걸까,4
2618,1992,기억 어디에서도 만나지는 너,4
2619,1992,기억속으로,4
2620,1992,꿈,4
2621,1992,꿈이라는 건,3
2622,1992,나의 꿈을 찾아서,5
2623,1992,나의 노래,4
2624,1992,낭랑 18세 (Mega Mix),3
2625,1992,남남북녀,6
2626,1992,내가 너를 느끼듯이,3
2627,1992,내가 아는 한가지,4
2628,1992,내가 원하는 건,3
2629,1992,내 곁에서 떠나가지 말아요,3
2630,1992,내마음 알겠니,2
2631,1992,내일을 향해,3
2632,1992,너를 위한 이별,3
2633,1992,너를 처음 만난 그때,2
2634,1992,너를 향한 마음,5
2635,1992,너만을 느끼며 (feat. 티파니 & 수영),4
2636,1992,너에게,4
2637,1992,너에게 들려주고 싶은 이야기,8
2638,1992,너와 함께 있는 이유,3
2639,1992,너와 함께한 시간속에서,4
2640,1992,너의 모습,5
2641,1992,눈 감아봐도,3
2642,1992,다함께 차차차,4
2643,1992,대답 없는 너,3
2644,1992,더딘 하루,3
2645,1992,도시여 안녕,6
2646,1992,도시인,4
2647,1992,또 만났네요,5
2648,1992,마음의 거리,5
2649,1992,말도 안돼,5
2650,1992,미니 데이트,6
2651,1992,벙어리 바이올린,5
2652,1992,별걸 다 기억하는 남자,7
2653,1992,보이지 않는 사랑,2
2654,1992,비애,5
2655,1992,비에 스친 날들,8
2656,1992,사랑은 유행이 아니야,3
2657,1992,사랑은 차가운 유혹,4
2658,1992,사랑일기,3
2659,1992,성격차이,3
2660,1992,성은 김이요,6
2661,1992,세상에 뿌려진 사랑만큼,4
2662,1992,수필과 자동차,4
2664,1992,슬픈 베아트리체,5
2665,1992,시간속의 향기,5
2666,1992,신토불이,6
2667,1992,애수,2
2668,1992,옛 이야기,2
2669,1992,옛사랑,4
2670,1992,오! 사라,3
2671,1992,오늘 같은 밤이면 (그리움),5
2672,1992,욕심쟁이,6
2673,1992,우연히,4
2674,1992,유난히,4
2675,1992,유혹,4
2676,1992,이 마음 다시 여기에,3
2677,1992,이젠 느낄 수 있어,3
2678,1992,이젠 됐어,3
2679,1992,인형의 기사 Part Ⅱ,5
2680,1992,자아도취,4
2681,1992,잠 못 드는 밤 비는 내리고 (박광현 <잠도 오지 않는 밤에> 삽입),5
2682,1992,장미꽃 불을 켜요,4
2683,1992,지금은 알 수 없어 (My Love),3
2684,1992,지지 않는 노을,3
2685,1992,질투,4
2686,1992,차표 한장,4
2688,1992,처음 만날때처럼,4
2689,1992,추억 만들기,4
2690,1992,타타타,4
2692,1992,하룻밤의 꿈,3
2693,1992,한번 더 생각해봐요,4
2694,1992,한 사람을 위한 마음,3
2695,1992,햄 (Ham),3
2696,1992,혼자만의 비밀,3
2697,1992,환상속의 그대,6
2698,1992,흐르는 눈물에 웃음이,4
2699,1992,흐린 기억속의 그대 (Club Remix),8
2700,1991,오직 하나뿐인 그대,4
2702,1991,가을이 가도,3
2703,1991,거울이 되어,4
2704,1991,계절이 음악처럼 흐를때,3
2705,1991,그 사랑이 울고 있어요,4
2706,1991,그녀를 만나는 곳 100M 전,6
2707,1991,그대 슬픔까지 사랑해,4
2708,1991,그대가 나를 사랑하신다면,4
2709,1991,그대가 나에게,3
2710,1991,그대가 이 세상에 있는 것만으로,5
2711,1991,그대품에 잠들었으면,2
2712,1991,그리운 이름,4
2713,1991,김성호의 회상,4
2714,1991,꿈,4
2715,1991,꿈에서 본 거리,3
2716,1991,나만의 것,3
2717,1991,나만의 그대모습,5
2718,1991,난 나직이 그의 이름을 불러보았어,3
2719,1991,난 알아요,5
2720,1991,날 울리지마,4
2721,1991,내 곁에서 떠나가지 말아요,3
2722,1991,내 마음 깊은 곳의 너,6
2723,1991,내사랑 내곁에 (응답하라 1988 삽입곡),5
2724,1991,내사랑 투유 (duet with 홍서범),4
2725,1991,너를 사랑하고도,6
2726,1991,너를 향한 마음,5
2727,1991,너에게 들려주고 싶은 이야기,8
2728,1991,넌 또 다른 나,3
2729,1991,늦지않았음을,3
2730,1991,당신,4
2731,1991,또 어딘가를 향할때,6
2732,1991,리베카,4
2733,1991,마스카라,6
2734,1991,만남,4
2735,1991,멀어지는 그 미소,3
2736,1991,몇미터 앞에 두고,4
2737,1991,모여라,8
2738,1991,몰래한 사랑,4
2739,1991,미니스커트,4
2740,1991,미소속에 비친 그대,6
2741,1991,미안 미안해,8
2742,1991,미워서 미워질때,4
2743,1991,바다를 사랑한 소년,4
2744,1991,밤에떠난 여인,5
2745,1991,방황,6
2746,1991,삐에로는 우릴보고 웃지,6
2747,1991,사랑 그 쓸쓸함에 대하여,5
2748,1991,사랑 느낌,3
2749,1991,사랑 사랑 사랑 (응답하라 1988 삽입곡),3
2750,1991,사랑은 기다림으로,3
2751,1991,사랑을 할때까지,5
2752,1991,사랑이라는 이유로,3
2754,1991,사랑했지만,3
2755,1991,상처입은 미소,4
2756,1991,서울탱고,3
2758,1991,슬픈 사랑은 안녕,3
2759,1991,슬픈 약속,4
2760,1991,슬픈 우리사랑,3
2761,1991,슬픔 속에 그댈 지워야만해,6
2762,1991,아름다운 세상,5
2763,1991,아마도 그건,5
2765,1991,아침이면,6
2766,1991,안녕,6
2767,1991,어느날 문득,3
2768,1991,어떤 이별,5
2769,1991,어떻게든 되겠지,4
2770,1991,외로운 사랑,3
2771,1991,우리 모두 여기에,4
2772,1991,우리의 노래가 이 그늘진 땅에 햇볕 한 줌 될수 있다면,6
2773,1991,웃어요,3
2774,1991,유혹,4
2775,1991,음악은 흐르고,3
2776,1991,이 밤이 지나면,6
2777,1991,이별 아닌 이별,6
2778,1991,이별여행,5
2779,1991,이별은 싫어,3
2780,1991,이별의 그늘,2
2781,1991,이별의 끝은 어디인가요,2
2782,1991,이젠,4
2783,1991,이젠 안녕,6
2784,1991,이젠 떠나가볼까,3
2785,1991,잠깐만,4
2786,1991,재즈 카페,5
2787,1991,조금은 깊은 사랑,3
2788,1991,차창에 흐르는 이별,4
2789,1991,착한 여자,4
2790,1991,추억의 책장을 넘기면,3
2791,1991,친구에게,2
2792,1991,텅 빈 거리에서,3
2793,1991,한 걸음더,2
2794,1991,한 여름밤의 꿈,3
2795,1991,헤어짐이 이별은 아니듯,5
2796,1991,혼자뿐인 내모습,3
2797,1991,화요일에 비가 내리면,4
2798,1991,휴식같은 친구,4
2799,1991,흩어진 나날들,2
2800,1990,너에게로 또 다시,4
2801,1990,거울도 안보는 여자,4
2802,1990,계절이 음악처럼 흐를때,3
2803,1990,그게 나였어,2
2804,1990,그대 떠난뒤,4
2805,1990,그리운 나라,3
2806,1990,그때 그날로,5
2807,1990,기다려 줘,6
2808,1990,기다린 날도 지워질 날도,4
2809,1990,나는 외로움 그대는 그리움,4
2810,1990,나를 사랑하겠어요,3
2811,1990,나만의 그대,3
2812,1990,난 그대만을 사랑했나봐,4
2813,1990,난 바람 넌 눈물,6
2814,1990,날 버린 남자,2
2816,1990,내마음 당신 곁으로,4
2817,1990,내일이 찾아오면,5
2818,1990,내일일기,5
2819,1990,내품에 안기어,2
2820,1990,너를 사랑하고도,6
2821,1990,너를 잊겠다는 생각은,2
2822,1990,넋두리,3
2823,1990,다시 사랑할 수 있다면,4
2824,1990,당신은 어디 있나요,5
2825,1990,돌이키지마,5
2826,1990,로라,3
2827,1990,마음에 쓰는 편지,4
2828,1990,마지막 콘서트,3
2830,1990,모여라,8
2831,1990,무지개,4
2832,1990,미련 때문에,2
2833,1990,미스 고,5
2834,1990,별 하나에 사랑,3
2835,1990,보고싶은 얼굴,5
2836,1990,보라빛 향기,4
2837,1990,봄여름가을겨울,3
2838,1990,불꽃처럼,4
2839,1990,비오는 날의 수채화,4
2840,1990,사계,5
2841,1990,사랑으로,5
2842,1990,사랑일뿐야,4
2843,1990,사랑하고 싶어,3
2844,1990,사랑한다 해도,4
2845,1990,사랑할 거야,2
2846,1990,사랑했어요,4
2847,1990,샴푸의 요정,4
2848,1990,세상 가장 밝은 곳에서 가장 빛나는 목소리로,3
2849,1990,소녀시대,7
2850,1990,소중한 너 (duet with 조규찬),7
2851,1990,솔아 솔아 푸르른 솔아,3
2852,1990,솔직할 수 있도록,5
2853,1990,숙녀에게,3
2854,1990,슬픈 바다,5
2855,1990,슬픈 표정 하지 말아요,4
2856,1990,시청앞 지하철 역에서,5
2857,1990,싫다 싫어,5
2858,1990,안녕,6
2859,1990,안녕 내사랑,6
2860,1990,얄미운 사람,5
2861,1990,어느새,3
2862,1990,어두운 하늘 아래서,4
2863,1990,어떤이의 꿈,6
2864,1990,언제나 타인,4
2865,1990,여인이여,4
2866,1990,우리 사랑 이대로,4
2867,1990,우리 순이,3
2868,1990,우리의 사랑이 필요한 거죠,6
2869,1990,유리창엔 비,4
2870,1990,음악은 흐르고,3
2871,1990,이밤이 지나도록,4
2872,1990,이젠 그랬으면 좋겠네,4
2873,1990,인디안 인형처럼,4
2874,1990,입맞춤,4
2875,1990,입영열차안에서,3
2876,1990,잊지 말기로 해 (duet with 김현철),4
2877,1990,잊지 말아요,3
2878,1990,자꾸 서성이게 돼,5
2879,1990,잠깐만,4
2880,1990,장난감 병정,3
2881,1990,정신차려,4
2882,1990,존대말을 써야할지 반말로 얘기해야 할지,4
2883,1990,좋은 날,3
2884,1990,좋은 날,4
2885,1990,착각,5
2886,1990,찬바람이 불면,4
2887,1990,채워지지 않는 빈자리,3
2888,1990,추억속의 재회,3
2889,1990,추억의 책장을 넘기면,4
2890,1990,춘천 가는 기차,3
2891,1990,친구의 친구를 사랑했네,4
2892,1990,칠갑산,2
2893,1990,텅 빈 마음,3
2894,1990,크리스마스에는,3
2895,1990,한 여름의 크리스마스,3
2896,1990,한바탕 웃음으로,6
2897,1990,한번만 더,5
2898,1990,향기로운 추억 (응답하라 1988 삽입곡),4
2899,1990,희망사항,4
2900,1989,널 그리며,4
2901,1989,Happy Birthday,6
2902,1989,Q,4
2903,1989,가로수 그늘 아래서면,5
2904,1989,겨울바다,5
2905,1989,겨울 애상,3
2906,1989,골목길,5
2907,1989,그 누구보다 더,3
2908,1989,그 아픔까지 사랑한거야,4
2909,1989,그대 그리고 나,4
2910,1989,그대 내맘에 들어오면은 (Remastering),6
2911,1989,그대는,6
2913,1989,그대에게 무슨말을 할까,4
2914,1989,기분좋은날,5
2915,1989,기쁜 우리 사랑은,3
2916,1989,기차와 소나무,2
2917,1989,김삿갓,5
2918,1989,깊은 밤의 서정곡,4
2919,1989,꽃밭에서,4
2920,1989,나의 거리,4
2921,1989,내아픔 아시는 당신께,5
2922,1989,내게 남은 사랑을 드릴께요,4
2923,1989,너무 늦었잖아요,2
2924,1989,너에게,4
2925,1989,네게 줄 수 있는 건 오직 사랑뿐,4
2926,1989,누나야,2
2927,1989,눈물나는 날에는,3
2928,1989,당신도 울고 있네요,7
2929,1989,돌아오는 계절에는,3
2930,1989,디.디.디 (D.D.D),3
2931,1989,루씰,5
2932,1989,마지막 나의 모습,3
2934,1989,멀리 보이네,3
2935,1989,뭐라고 한마디 해야할텐테,2
2936,1989,미워요,4
2937,1989,바람아 멈추어다오,3
2938,1989,바람에 실려간 사랑 A,2
2939,1989,바람에 옷깃이 날리듯,4
2940,1989,바보같은 미소,3
2941,1989,벌써 이밤이 다 지나고,2
2942,1989,변심,2
2943,1989,별이 진다네,5
2944,1989,봉선화 연정,3
2945,1989,붉은 노을,6
2946,1989,사람들은 모두 변하나 봐,5
2947,1989,사랑으로 멈춰진 나,5
2948,1989,사랑은 창밖에 빗물같아요,4
2949,1989,사랑의 불시착,4
2950,1989,사랑하고 싶어,3
2951,1989,새들처럼,4
2952,1989,소낙비,4
2953,1989,슬픈 그림 같은 사랑,3
2954,1989,슬픈 안녕,3
2955,1989,슬픔은 사라지고,4
2956,1989,시를 위한 시,4
2957,1989,아름다워라 그대,3
2958,1989,아직도 못다한 이야기,3
2959,1989,안개 걷히는 날,3
2960,1989,안개 그림자,3
2961,1989,안녕이라고 말하지마,3
2962,1989,안돼요 안돼,4
2963,1989,약속은 바람처럼,4
2964,1989,여름날의 추억,6
2965,1989,여름밤의 꿈,4
2966,1989,여정,5
2967,1989,옥경이,3
2968,1989,우리 앞의 생이 끝나갈때,3
2969,1989,우리는 하나 (Duet) (With 김태화),5
2970,1989,우리들이 함께 있는 밤,3
2971,1989,유리창에 그린 안녕,2
2972,1989,이미 그댄,3
2973,1989,이별연습,3
2974,1989,이별의 18번지,6
2975,1989,이별이란 없는거야,4
2977,1989,이젠 모두 잊고싶어요 (대상),5
2979,1989,정 때문에,4
2980,1989,제주도의 푸른 밤,3
2981,1989,졸업,5
2982,1989,짝사랑,6
2983,1989,촛불 켜는 밤,4
2984,1989,추억 속의 그대,7
2985,1989,출발,2
2986,1989,친구에게,4
2987,1989,탄생,6
2988,1989,텔레파시,6
2989,1989,하나 그리고 둘,4
2990,1989,하얀바람,5
2991,1989,향수,5
2992,1989,혜화동,4
2993,1989,호랑나비,4
2994,1989,혼자이고 싶어요,5
2995,1989,홀로 된다는 것,4
2996,1989,화려한 날은 가고,3
2997,1989,회색탁자,3
2998,1989,후인,3
2999,1989,흐린 가을 하늘에 편지를 써,8
3000,1988,동행,2
3001,1988,가는곳 어디이길래,3
3002,1988,가시나무,4
3003,1988,가을비,5
3004,1988,가을사랑,4
3005,1988,거리에서,5
3006,1988,고인돌,3
3007,1988,광화문 연가,4
3008,1988,그 이유가 내겐 아픔이었네,3
3009,1988,그녀에게 전해주오,4
3010,1988,그대 내 품에,6
3011,1988,그대 만을,4
3012,1988,그대 모습은 장미,4
3013,1988,그대 발길 머무는 곳에,4
3014,1988,그대없는 거리,4
3015,1988,그대는 인형처럼 웃고 있지만,5
3017,1988,그대에게,5
3018,1988,그때 뒷모습,2
3019,1988,기다려줘요,3
3020,1988,기적,3
3021,1988,깊은 밤을 날아서,4
3022,1988,꼬마야,2
3023,1988,꿈을 찾아서,5
3024,1988,나 항상 그대를,5
3025,1988,나는 이 노래하리오,4
3026,1988,내 그리운 나라,2
3027,1988,내 마음에 비친 내 모습,5
3028,1988,너를 생각하면,5
3029,1988,누구없소?,4
3030,1988,눈오는 밤,6
3031,1988,담다디 (대상),6
3032,1988,돌고 돌고 돌고,4
3033,1988,마지막 입맞춤,4
3034,1988,모나리자,6
3035,1988,몬테카를로의 추억,6
3036,1988,묻어버린 아픔,4
3037,1988,물안개,4
3038,1988,바라볼 수 없는 그대,2
3039,1988,변해가네,6
3040,1988,불의 나라,2
3041,1988,비처럼 음악처럼,4
3042,1988,사랑밖엔 난 몰라,3
3043,1988,사랑굿,2
3044,1988,사랑은 유리같은 것,3
3045,1988,사랑의 대화 (duet with 이정석),3
3046,1988,사랑이 저만치 가네,4
3047,1988,사랑이 지는 이자리,4
3048,1988,사랑하는 우리,3
3049,1988,사랑하면 안되나,4
3050,1988,사랑한 후에,3
3051,1988,서울 서울 서울,4
3052,1988,세월이 가면,3
3053,1988,소설속의 연인,6
3054,1988,슬퍼지는 내모습,3
3055,1988,슬픈 그림 같은 사랑,3
3056,1988,슬픔만은 아니겠죠,3
3057,1988,신사동 그 사람,4
3058,1988,실향가,5
3059,1988,아! 바람이여,2
3060,1988,아쉬움,3
3061,1988,안개꽃을 든 여인 (Remastering),4
3062,1988,안녕,8
3064,1988,약속의 땅,4
3066,1988,어른들은 몰라요,6
3067,1988,어젯밤 이야기,4
3068,1988,언제나 그대 내 곁에 (응답하라 1988 삽입곡),5
3069,1988,언젠가 때가오면,2
3070,1988,여자는 눈물인가봐,5
3071,1988,예기치 않은 바람,3
3072,1988,외로운 들꽃,5
3073,1988,우리가 추억이라 말하는,5
3074,1988,울고 싶어라,4
3075,1988,이밤을 다시 한번,5
3076,1988,이별을 느낄때,3
3077,1988,이별이래,3
3078,1988,이제는,6
3079,1988,이층에서 본 거리,4
3080,1988,저녁놀,3
3081,1988,쥴리,4
3082,1988,즐거운 인생,5
3083,1988,집시여인,4
3084,1988,천하장사,4
3085,1988,초대 받은 아침,4
3086,1988,초연,2
3087,1988,추억,2
3088,1988,추억의 발라드,5
3090,1988,타인의 거리,6
3091,1988,토요일은 밤이 좋아,4
3092,1988,통화중,4
3093,1988,파초,3
3094,1988,하나가 되어요,4
3095,1988,해후,3
3096,1988,현아,5
3097,1988,홀로된 사랑,6
3098,1988,화요일에 비가 내리면,4
3099,1988,환희,9
3100,1987,사랑하기 때문에,4
3101,1987,The Moon On The Baekdoo Mountain,5
3102,1987,가버린 당신,4
3103,1987,가을이 오면,4
3104,1987,개똥벌레,4
3105,1987,고독한 DJ,6
3106,1987,골목길,3
3108,1987,그 겨울의 찻집,4
3109,1987,그날,4
3110,1987,그녀의 웃음소리뿐,3
3111,1987,그대 떠나는 날 비가 오는가?,4
3112,1987,그래요 잘못은 내게 있어요,3
3113,1987,그리움은 빗물처럼 (대상),4
3114,1987,그저 바라볼수만 있어도,4
3115,1987,꿈에 (Remastering),4
3116,1987,나이팅게일,4
3117,1987,나홀로 뜰 앞에서,4
3118,1987,난 바보였네,3
3119,1987,난 아직도 널,2
3120,1987,남기고 간 마음,4
3121,1987,남남,3
3122,1987,내가 왜 웁니까,4
3123,1987,내 마음 당신 곁으로,4
3124,1987,내 마음 별과 같이,4
3125,1987,내 마음의 보석상자,4
3126,1987,내사랑 울보,7
3127,1987,내사랑을 본 적이 있나요,7
3128,1987,너,4
3129,1987,눈물의 부르스,4
3130,1987,님 떠나가네,4
3131,1987,님 떠난후,4
3132,1987,달빛 창가에서,5
3133,1987,담배가게 아가씨,4
3134,1987,도시의 삐에로,3
3135,1987,떠나지마,4
3136,1987,리듬 속의 그 춤을,6
3137,1987,마도요,5
3138,1987,매일 매일 기다려,4
3139,1987,미소를 띄우며 나를 보낸 그 모습처럼,3
3140,1987,부부,3
3141,1987,비와 당신의 이야기,5
3142,1987,빗 속의 연가,4
3143,1987,뽕 따러가세,6
3144,1987,사랑밖에 난 몰라,3
3145,1987,사랑의 굴레,3
3146,1987,사랑의 슬픔,3
3147,1987,사랑의 썰물,4
3148,1987,사랑이 지나가면,4
3149,1987,사랑하고 만거야,4
3150,1987,사랑하기에,6
3151,1987,사랑한 후에,3
3152,1987,사랑할순 없는지,3
3153,1987,새가 되어 날으리,4
3154,1987,새벽 아침,6
3155,1987,새벽새,4
3156,1987,성숙,3
3157,1987,세월 가면,5
3158,1987,소녀,3
3159,1987,숲,4
3160,1987,스잔,5
3161,1987,슬픔 그뒤에 오는 고독,4
3162,1987,슬픔만 주고,3
3164,1987,아침 이슬,3
3165,1987,안개 도시,7
3166,1987,알고 싶어요,3
3167,1987,애수,6
3168,1987,어둠은 걷히고,4
3169,1987,어른이 된 후에 사랑은 너무 어려워,6
3170,1987,영,4
3171,1987,영어 선생님,4
3172,1987,오늘은 어떤 일이,3
3173,1987,우울한 편지,3
3174,1987,울보,5
3175,1987,이 어둠의 이 슬픔,6
3176,1987,이렇게 춤을 춰봐요,4
3177,1987,이별을 띄울래요,4
3178,1987,이별 이야기,4
3179,1987,이제 자야 하나봐,3
3180,1987,잃어버린 계절,3
3181,1987,자화상,4
3182,1987,쥴리엣,7
3183,1987,지금은 가지마세요,4
3184,1987,지난날,3
3185,1987,참새의 하루,3
3186,1987,천방지축,4
3187,1987,첫눈이 온다구요 ('응답하라 1988' 삽입곡),3
3188,1987,청춘시대,6
3189,1987,촛불잔치,6
3190,1987,카페와 여인,3
3191,1987,풀잎사랑,6
3192,1987,풍선,8
3193,1987,피노키오,4
3194,1987,하나는 외로워,8
3195,1987,하늘,2
3196,1987,하늘이여,5
3197,1987,하얀밤에,4
3198,1987,해 저문 길에서,2
3199,1987,화개장터,6
3200,1986,난 아직 모르잖아요,3
3201,1986,가까이 하기엔 너무 먼 당신,4
3202,1986,갈바람,6
3203,1986,건널 수 없는 강,2
3205,1986,겨울비는 내리고,4
3206,1986,경아,5
3207,1986,괜찮아,7
3209,1986,그 순간,4
3210,1986,그것만이 내 세상,5
3211,1986,그대 우나봐,4
3212,1986,그대는 미운사람,4
3213,1986,그대와 영원히,4
3214,1986,그댈 잊었나,3
3215,1986,꽃반지,4
3216,1986,끝이 없는 순간,5
3217,1986,나 그리고 별,5
3218,1986,나의 옛날이야기,4
3219,1986,난 너에게,4
3220,1986,남행열차,4
3221,1986,내 생각에는,3
3222,1986,내 잘못인가,4
3223,1986,내 사람아,5
3224,1986,내일이 찾아와도,3
3225,1986,너나 좋아해 나너 좋아해,7
3226,1986,눈물의 의미,5
3227,1986,님,3
3229,1986,매일 그대와 ('응답하라 1988' 삽입곡),4
3230,1986,물레야,2
3231,1986,바다새,4
3232,1986,바다에 누워,4
3233,1986,바람은 왜 불었나요,3
3234,1986,바람이 전하는 말,3
3236,1986,비둘기에게,3
3237,1986,빗속에서,4
3238,1986,빛바랜 사랑,3
3239,1986,사랑 그 아름답고 소중한 얘기들,5
3240,1986,사랑 그리고 이별,4
3241,1986,사랑과 평화,3
3242,1986,사랑도 추억도,4
3243,1986,사랑은 언제나 그자리에,6
3244,1986,사랑은 이제 그만,8
3245,1986,사랑을 잃어 버린 나,3
3246,1986,상처,3
3247,1986,새벽 기차,4
3248,1986,세계로 가는 기차,5
3249,1986,소나기는 왜 내리나요,4
3250,1986,수요일엔 빨간 장미를,3
3251,1986,슬픈 인연,5
3253,1986,아그네스,3
3254,1986,아베마리아,4
3255,1986,아침의 나라에서,5
3256,1986,애고 도솔천아,5
3257,1986,애인,2
3258,1986,어서 말을 해,4
3259,1986,열정,5
3260,1986,오 그대는 아름다운 여인,4
3261,1986,오늘밤,7
3263,1986,오늘 밤엔,4
3264,1986,오늘밤엔,2
3265,1986,오해,3
3266,1986,외인구단,6
3267,1986,우리에겐,3
3268,1986,우린 너무 쉽게 헤어졌어요,3
3269,1986,울면서 후회하네,4
3270,1986,원점,4
3271,1986,유리벽 찻집,3
3272,1986,이상의 날개,4
3273,1986,이태원 연가,3
3274,1986,재회,4
3275,1986,젊음의 노트,6
3276,1986,제가 먼저 사랑할래요,4
3277,1986,제비꽃,4
3278,1986,지금,4
3279,1986,지금 그대로의 모습으로,5
3280,1986,지금도 눈 감으면,3
3281,1986,지난이야기,2
3282,1986,진달래,4
3283,1986,첫차,5
3284,1986,청량리 블루스,3
3286,1986,친구라 하네,6
3287,1986,카페에서,4
3288,1986,크게 라디오를 켜고,8
3289,1986,킬리만자로의 표범,7
3290,1986,파란나라,6
3291,1986,하얀 그 미소 (86' MBC 대학가요제 은상 수상곡),5
3292,1986,한계령,4
3293,1986,함,6
3294,1986,해야 해야,8
3295,1986,허공,4
3296,1986,황홀한 고백,5
3297,1986,휘파람,3
3298,1986,흔들리는 마음,2
3299,1986,희야,6
3300,1985,행진,5
3302,1985,가버린 추억,3
3303,1985,갈등,3
3304,1985,강변연가,3
3305,1985,갯바위,3
3306,1985,계절이 가기전에,3
3307,1985,고독한 연인,4
3308,1985,그대,6
3309,1985,그대 먼곳에,4
3310,1985,그대 작은 화분에 비가 내리네,6
3311,1985,그대는 바람,6
3312,1985,그대에게서 벗어나고파,4
3313,1985,그대여,6
3314,1985,그댄 봄비를 무척 좋아하나요,4
3315,1985,그 때 그 길,4
3316,1985,금연,7
3317,1985,기타하나 동전한닢,10
3318,1985,길 바람 아이,5
3320,1985,꿈이여 사랑이여,4
3321,1985,나는 사랑에 빠졌어요,6
3322,1985,나도야 간다 (영화: 고래사냥 주제곡),4
3324,1985,내님의 사랑은,4
3325,1985,내 하나의 사람은 가고,4
3326,1985,내일로 가는 마차,3
3327,1985,너의 의미,5
3328,1985,눈물 한방울로 사랑은 시작되고,4
3329,1985,다시 사랑 할 수 있다면,3
3330,1985,당신과 만난 이날,4
3331,1985,당신은 누구세요,4
3332,1985,도시의 거리,4
3333,1985,떠나는 남자,6
3334,1985,만남 없는 이별,5
3335,1985,말하고 싶어요,6
3336,1985,모두가 사랑이예요,4
3337,1985,무궁화,3
3338,1985,무정부르스,2
3339,1985,물망초,5
3340,1985,물보라,4
3341,1985,미지의 세계,6
3342,1985,민들레 홀씨 되어,3
3343,1985,바람 바람 바람,4
3344,1985,바위섬,4
3345,1985,밤에 피는 장미,5
3346,1985,보이네,6
3347,1985,북한강에서,5
3348,1985,불티,4
3349,1985,비 내리는 영동교,4
3350,1985,빙글빙글,6
3351,1985,사랑과 진실,4
3352,1985,사랑도 못해본 사람은,3
3353,1985,사랑별곡,3
3354,1985,사랑은 생명의 꽃,6
3355,1985,사랑을 잃어 버린 나,4
3356,1985,사랑의 눈동자,5
3357,1985,사랑의 미로,5
3358,1985,사랑의 사슬,4
3359,1985,사랑하는 그대에게,4
3361,1985,사랑했어요,4
3362,1985,삼포로 가는 길,3
3363,1985,상처,3
3364,1985,소녀의 기도,3
3365,1985,솔개,5
3366,1985,수선화,5
3368,1985,아! 옛날이여,4
3369,1985,아가같은 그대여,3
3370,1985,아득히 먼곳,4
3371,1985,아버지의 의자,4
3372,1985,아빠와 크레파스,5
3373,1985,아직도 못다한 사랑,4
3374,1985,아직도 어두운 밤인가봐,6
3375,1985,애상,4
3376,1985,약속,4
3377,1985,"어제, 오늘, 그리고",5
3378,1985,엄마에게 꾸중듣던 생각,4
3379,1985,여행을 떠나요,7
3380,1985,영동부르스,3
3381,1985,왜 모르시나,4
3382,1985,우리는 타인,3
3383,1985,우리사랑,3
3384,1985,우연히,5
3385,1985,유혹하지 말아요,6
3386,1985,이별 노래,4
3387,1985,이젠 사랑할 수 있어요,5
3388,1985,이해하기 어려운 이야기,3
3389,1985,인생은 미완성,4
3390,1985,잠들지 않는 시간,4
3391,1985,지난 여름 밤의 이야기,4
3392,1985,창밖에 잠수교가 보인다 (영화 '창밖에 잠수교가 보인다' 주제곡),8
3393,1985,청춘을 돌려다오,4
3394,1985,타조,4
3395,1985,파랑새,4
3396,1985,하늘나라 우리님,3
3397,1985,행복을 주는 사람,6
3398,1985,환상의 섬,7
3399,1985,희나리,5
3400,1984,J에게,4
3401,1984,가난한 연인들의 기도,5
3402,1984,건곤감리 청홍백,3
3403,1984,그것은 인생,6
3404,1984,그대가 미워요,5
3405,1984,그대와의 노래,3
3406,1984,꿈,4
3407,1984,나침반,5
3408,1984,난 정말 모르겠네,4
3409,1984,날 찾지 말아요,3
3410,1984,남자는 배 여자는 항구,4
3411,1984,내 사람이여,6
3412,1984,눈물의 재회,4
3413,1984,눈물의 파티,3
3414,1984,님그림자,4
3415,1984,당신만이,3
3416,1984,당신은 안개였나요,4
3418,1984,별리,4
3420,1984,사랑은 연필로 쓰세요,4
3422,1984,사랑의 시,4
3423,1984,사랑하는 이에게,4
3424,1984,슬픔의 심로,6
3425,1984,아! 대한민국,4
3426,1984,아름다워,5
3427,1984,아파트,6
3428,1984,어머니와 고등어,9
3429,1984,얼룩진 상처,2
3430,1984,여자의 마음,4
3431,1984,연인이여,4
3432,1984,외사랑,3
3433,1984,우는 아인 바보야,3
3434,1984,울긴 왜 울어,4
3435,1984,이별의 종점,3
3437,1984,잃어버린 정,3
3438,1984,잊혀지지 않아요,3
3439,1984,젊은 그대,4
3440,1984,정의 마음,4
3441,1984,첫사랑이야,2
3442,1984,청춘을 돌려다오,4
3443,1984,친구여,3
3444,1984,카사블랑카 (Casablanca),3
3445,1984,커텐을 젖히면,4
3446,1984,푸르른 날,4
3447,1984,풀잎이슬,4
3448,1984,하얀 목련,3
3449,1984,행운을 드립니다,6
3450,1983,못다핀 꽃 한송이,3
3451,1983,18세 순이,4
3452,1983,가슴앓이,5
3453,1983,가을을 남기고 간 사랑,4
3454,1983,계절이 두번 바뀌면,3
3455,1983,고니,3
3456,1983,공부합시다,4
3457,1983,그대 떠난 빈들에 서서,4
3458,1983,그대는 나의 인생,6
3459,1983,기도하는 마음,5
3460,1983,나는 너 좋아,3
3461,1983,나의 사랑 그대 곁으로,4
3462,1983,난 아니야,4
3463,1983,날개,4
3464,1983,내 마음 당신 곁으로,4
3465,1983,내 인생은 나의 것,7
3466,1983,논개,5
3467,1983,도요새의 비밀,6
3468,1983,독백,4
3469,1983,멈추지 말아요,4
3470,1983,멍에,4
3471,1983,모두가 천사라면,6
3472,1983,못잊겠어요,3
3473,1983,밀양 머슴아리랑,6
3474,1983,바람에 구름 가듯,3
3475,1983,바람이었나,3
3476,1983,밤이면 밤마다,4
3477,1983,변명,3
3478,1983,비련,3
3479,1983,비와 찻잔 사이,4
3480,1983,사랑,4
3481,1983,"사랑과 행복, 그리고 이별 (Felicita)",8
3482,1983,사랑은 나비인가봐,4
3483,1983,사랑은 받는것이 아니라면서,4
3484,1983,사랑의 시,5
3485,1983,세계는 친구,5
3486,1983,알잖아요 내 마음,3
3487,1983,어차피 떠난 사람,3
3488,1983,올가을엔 사랑할 거야,4
3489,1983,올가을엔 사랑할거야,3
3490,1983,우리는,4
3491,1983,웃는 모습으로 간직하고 싶어,3
3492,1983,이름없는 새,6
3493,1983,이별 뒤의 이야기,4
3494,1983,잃어버린 30년,3
3495,1983,잃어버린 우산,4
3496,1983,정든배 떠나가네,3
3497,1983,참새와 허수아비,4
3498,1983,처음 본 순간,4
3499,1983,하얀 나비,3
3500,1982,잊혀진 계절,4
3501,1982,DJ에게,3
3502,1982,같이있게 해주세요,4
3503,1982,그 날 이후,3
3504,1982,그대 떠난 이 밤에,6
3505,1982,그대는 나는,5
3506,1982,꽃바람,4
3507,1982,꿈을 먹는 젊은이,2
3508,1982,나는 홀로 있어도,3
3509,1982,나보다 더 나를 사랑하는 님이시여,3
3510,1982,남포동 부르스,4
3511,1982,내 모습이 쓸쓸해요,6
3512,1982,네가 좋아,4
3513,1982,다시 한번 생각해줘요,3
3514,1982,다정한 눈빛으로,4
3515,1982,대동강 편지,4
3516,1982,독도는 우리땅,3
3517,1982,독백,3
3518,1982,모닥불,3
3519,1982,모두 다 사랑하리,6
3520,1982,못찾겠다 꾀꼬리,8
3521,1982,바람이려오,4
3522,1982,바윗돌,2
3523,1982,백지로 보낸 편지,4
3524,1982,부산 갈매기,4
3525,1982,불씨,4
3526,1982,빈잔,4
3527,1982,사랑 사랑 누가 말했나,2
3528,1982,상아의 노래,2
3529,1982,앉으나 서나 당신 생각,4
3530,1982,야화(夜花),4
3531,1982,어느 소녀의 사랑이야기,5
3532,1982,어쩌다 마주친 그대,6
3533,1982,얼굴 빨개졌다네,6
3534,1982,여인아,5
3535,1982,연락선,4
3536,1982,연인들의 이야기,4
3537,1982,울긴 왜 울어,4
3538,1982,유리벽,4
3539,1982,이게 웬 긴 꼬리냐 (줄다리기),6
3540,1982,잊게 해주세요,4
3541,1982,잡초,6
3542,1982,점이,3
3543,1982,종이학,5
3544,1982,진정인가요,4
3546,1982,타인의 계절,3
3547,1982,포장마차,3
3548,1982,헤이,4
3549,1982,회상,4
3550,1981,봄 여름 가을 겨울,6
3551,1981,가나다라,5
3552,1981,가지 마오,4
3553,1981,겨울아이,4
3554,1981,겨울 장미,3
3555,1981,고백,4
3556,1981,고추 잠자리,4
3557,1981,그 사람,5
3558,1981,그대여,4
3559,1981,꿈 찾아가리,4
3560,1981,꿈을 꾼 후에,5
3561,1981,나뭇잎 사이로,4
3563,1981,내게도 사랑이,6
3564,1981,높은 하늘아,4
3565,1981,달님,4
3566,1981,목로주점,4
3567,1981,물망초,4
3568,1981,미워 미워 미워,4
3569,1981,벌써 나를 잊으셨나요,3
3570,1981,별 달 장미 백합,3
3571,1981,별이여 사랑이여,3
3572,1981,사랑이여,5
3573,1981,산 할아버지,3
3574,1981,성아의 이야기,2
3575,1981,애원,4
3576,1981,어디서 무엇이 되어 다시 만나리,3
3577,1981,연극중에서,4
3578,1981,연정,5
3579,1981,옛사랑의 돌담길,4
3580,1981,옛 시인의 노래,4
3581,1981,우리 만나요 처음 만난 그곳에서,3
3582,1981,일편단심 민들레야,4
3583,1981,잊기로 했네,3
3584,1981,정거장,3
3585,1981,정말로,3
3586,1981,재회,3
3587,1981,제2의 고향,4
3588,1981,주저하지 말아요,4
3589,1981,첫 사랑의 생일,3
3590,1981,첫사랑,3
3591,1981,청춘,5
3592,1981,촛불,4
3594,1981,하나가 되어요,4
3596,1981,항구,4
3597,1981,해야,5
3598,1981,행복하세요,3
3599,1981,한순간,5
3600,1980,창밖의 여자,4
3601,1980,결혼의 꿈,4
3602,1980,고목,3
3603,1980,그 사람 바보,4
3604,1980,기다리는 여심,4
3605,1980,꽃밭에서,4
3606,1980,꽃분이,4
3607,1980,꿈의 대화 (duet with 한명훈),5
3608,1980,나는 행복합니다,6
3609,1980,나도 모르게,3
3610,1980,날보러 와요,5
3611,1980,내가 (duet with 임철우),4
3612,1980,단발머리,5
3613,1980,당신은 누구시길래,5
3615,1980,당신은 알고 있을까,6
3616,1980,동반자,5
3617,1980,또 만났네,3
3618,1980,물레,5
3619,1980,미운 정 고운 정,3
3620,1980,바보처럼 살았군요,6
3621,1980,바야야,6
3623,1980,불놀이야,3
3624,1980,빙빙빙,4
3625,1980,사랑스런 그대,6
3626,1980,사랑은 아직도 끝나지 않았네,3
3627,1980,사랑이야,4
3628,1980,슬픈 계절에 만나요,4
3629,1980,실비 오는 소리에,3
3631,1980,아내에게 쓴 마지막 편지,6
3632,1980,아름다운 강산 (1980년작) (신중현과 뮤직파워),7
3633,1980,안녕,4
3634,1980,어느날 갑자기,2
3636,1980,영원한 친구,7
3637,1980,오늘 같은 밤,4
3639,1980,이런밤,3
3640,1980,일곱색깔 무지개,4
3641,1980,저 높은 곳을 향하여,6
3642,1980,제 7광구,4
3643,1980,찻잔,4
3644,1980,찻잔,2
3645,1980,창문 너머 어렴풋이 옛 생각이 나겠지요,2
3647,1980,풍문으로 들었소,6
3648,1980,행복한 사람,2
3649,1980,엽서,3
3650,1979,그때 그사람,4
3651,1979,YMCA,7
3652,1979,가을비 우산속,3
3653,1979,개구장이,4
3654,1979,거치른 들판에 푸르른 솔잎처럼,3
3655,1979,구름과 나,4
3657,1979,그 아이,3
3658,1979,그대로 그렇게,6
3659,1979,그림자,3
3660,1979,기도,3
3661,1979,꿈을 꾼 후에,5
3662,1979,나들이,2
3663,1979,내곁에 있어주,4
3664,1979,노래하며 춤추며,4
3665,1979,누구라도 그러하듯이,4
3666,1979,누구의 노래일까,2
3667,1979,돌고 돌아가는 길,4
3668,1979,마음 약해서,4
3669,1979,맴도는 얼굴,4
3670,1979,모모,3
3671,1979,못 잊어,5
3672,1979,미소,8
3673,1979,뱃사공,4
3674,1979,봄,5
3675,1979,봄비,2
3676,1979,빈의자,3
3677,1979,사랑이란?,4
3678,1979,새벽비,4
3679,1979,세상 모르고 살았노라 ('78 TBC 제1회 해변가요제 입상곡),3
3680,1979,소녀와 가로등,4
3682,1979,순아,4
3683,1979,詩人(시인)의 마을,5
3684,1979,아리송해,6
3685,1979,여러분,8
3686,1979,여름,5
3688,1979,연안부두,3
3689,1979,열애,4
3690,1979,영일만 친구,3
3691,1979,이 거리를 생각하세요,3
3692,1979,이빠진 동그라미,3
3693,1979,입영 전야,3
3694,1979,잊지는 못할거야,4
3695,1979,잊혀지지 않아요,3
3696,1979,장미,2
3697,1979,"젊은 연인들 (풍선) (With 이광조, 엄인호)",3
3698,1979,제3한강교,5
3699,1979,제비,2
3700,1979,창밖의 여자,4
3701,1979,추억,3
3702,1979,타국에 계신 아빠에게,2
3703,1979,탈춤 ('78 대학가요제 입상곡),6
3704,1979,하얀 민들레,4
3705,1979,한동안 뜸했었지,4
3706,1979,한오백년,4
3707,1979,회상,4
3708,1979,당신은 누구시길래,6
3709,1978,아니 벌써,3
3710,1978,가시리,6
3711,1978,갈대,3
3712,1978,감수광,4
3713,1978,겨울 장미,3
3714,1978,고귀한 선물,2
3715,1978,곡예사의 첫사랑,4
3716,1978,구름 나그네,2
3717,1978,그때 그자리,3
3718,1978,그쟈,3
3719,1978,나그네,7
3720,1978,나성에 가면,5
3721,1978,난 정말 몰랐었네,4
3722,1978,날 잊지 말아요,3
3723,1978,내 마음에 주단을 깔고,3
3724,1978,눈물로 쓴 편지,6
3725,1978,돌려줄수 없나요,1
3726,1978,다락방,3
3727,1978,망부석,4
3728,1978,머무는곳 그 어딜지 몰라도,3
3729,1978,먼 훗날,2
3730,1978,모정,4
3731,1978,밀려오는 파도소리에,3
3732,1978,밤차,4
3733,1978,봄비,5
3734,1978,사랑이야,4
3735,1978,서울야곡,3
3736,1978,송학사,3
3737,1978,순이 생각,5
3738,1978,실버들,2
3739,1978,아기곰,5
3740,1978,아리아리 아라리요,2
3741,1978,아쉬움,5
3743,1978,앵두,3
3744,1978,어찌합니까,3
3745,1978,얼룩 고무신,4
3746,1978,영원히 당신만을,3
3747,1978,이별의 고속도로,3
3748,1978,작은 연인들 (With 권태수),4
3749,1978,전우가 남긴 한마디,4
3750,1978,젊은 태양,8
3751,1978,촛불,3
3752,1978,춤을 추어요,6
3753,1978,토함산,4
3754,1978,햇빛 쏟아지는 들판,6
3755,1978,행복,3
3756,1978,환상,3
3758,1978,그대 있는 곳까지,3
3759,1977,사랑만은 않겠어요,3
3760,1977,가는 세월,3
3762,1977,그냥 갈 수 없잖아,4
3763,1977,꽃순이를 아시나요,3
3764,1977,나 어떡해,4
3765,1977,나비 소녀,5
3766,1977,나의 20년,3
3767,1977,나의 사람아,6
3768,1977,내 노래에 날개가 있다면,3
3769,1977,내마음 갈곳을 잃어,4
3770,1977,내 고향 충청도,4
3771,1977,너무 어리다구요,3
3772,1977,네 꿈을 펼쳐라,7
3773,1977,눈으로,5
3774,1977,당신만을 사랑해,3
3775,1977,두 손을 잡아요,4
3776,1977,들길 따라서,6
3777,1977,뛰뛰빵빵,2
3778,1977,목마른 소녀,3
3779,1977,목화밭,6
3780,1977,미워도 다시한번,2
3781,1977,방랑자,4
3782,1977,별이 빛나는 밤에,5
3783,1977,산사람,4
3784,1977,섬마을 선생님,3
3785,1977,세월,4
3786,1977,아니야,4
3787,1977,소녀와 가로등,4
3788,1977,애정이 꽃피던 시절,4
3789,1977,어떻게 말할까,3
3790,1977,영아,4
3791,1977,오! 진아,4
3792,1977,우정,3
3794,1977,잘있거라 공항이여,2
3795,1977,젊은 연인들 (With 민경식),2
3796,1977,정,2
3797,1977,제비처럼,3
3798,1977,진아의 꿈,5
3799,1977,진짜 진짜 좋아해,4
3800,1977,찬비,4
3801,1977,타국에서,3
3802,1977,파도,5
3803,1977,푸른시절,3
3804,1977,하늘,4
3807,1977,흰구름 먹구름,2
3808,1977,임이 오시네,4
3809,1976,당신은 모르실거야,4
3810,1976,계곡의 무지개,4
3811,1976,고목나무,3
3812,1976,그 누가 모르나,6
3814,1976,그날이 오면,4
3815,1976,그대 있음에,4
3816,1976,그리운 사람은,4
3817,1976,끝이 없는 길,3
3818,1976,너무합니다,4
3819,1976,눈으로,5
3820,1976,님이여,5
3822,1976,둘이 걸었네,3
3823,1976,둘이서,2
3824,1976,또 만나요,4
3825,1976,뛰어,4
3826,1976,막차로 떠난 여인,5
3827,1976,먼 훗날,3
3828,1976,물레방아 인생,3
3829,1976,뭉게구름,4
3830,1976,비에 젖은 비둘기,3
3831,1976,빗물,5
3832,1976,빗속을 둘이서,3
3833,1976,사랑한다 말해주세요,4
3834,1976,새끼 손가락,3
3835,1976,석별,4
3836,1976,섬소년,4
3837,1976,슬픈 노래는 싫어요,6
3838,1976,슬픈 노래는 싫어요,6
3839,1976,아내에게 바치는 노래,3
3840,1976,아직도 그대는 내사랑,4
3841,1976,애심,2
3842,1976,어머님,3
3843,1976,얼굴,2
3844,1976,연락선,4
3845,1976,오동잎,2
3846,1976,우수,3
3847,1976,이상해,4
3848,1976,이슬비,4
3849,1976,잊게해 주오,4
3850,1976,작별,3
3851,1976,추억,4
3852,1976,친구야,3
3854,1976,터질거예요,4
3856,1976,한송이 꿈,4
3857,1976,해뜰 날,2
3858,1976,홀로 핀 꽃,3
3859,1975,고래사냥,4
3860,1975,가을편지,3
3861,1975,과수원길,4
3862,1975,긴머리 소녀,2
3863,1975,나그네,2
3864,1975,나는 못난이,5
3865,1975,나는 어떡하라고,4
3866,1975,나에게 애인이 있다면,4
3867,1975,난생 처음,6
3870,1975,너,4
3871,1975,너와 나,3
3872,1975,눈으로만 말해요,5
3873,1975,눈이 큰 아이,4
3874,1975,돌아올 수 있다면,4
3875,1975,돌아와요 부산항에,3
3876,1975,등불,3
3878,1975,마음은 서러워도,4
3879,1975,맨처음 고백,3
3880,1975,모든것 끝난뒤,4
3881,1975,바보,3
3882,1975,밤 배,4
3883,1975,부모,4
3884,1975,비 개인 오후,5
3885,1975,사랑하는 마음,4
3886,1975,세월,4
3887,1975,아름다운 사람,4
3888,1975,안 오실까봐,4
3889,1975,어제 내린 비,3
3890,1975,얼굴,2
3891,1975,여고 졸업반,2
3892,1975,영상,4
3893,1975,왜 불러,4
3894,1975,이거야 정말,5
3895,1975,일기,3
3896,1975,잊으리,3
3897,1975,장미빛 스카프,3
3899,1975,조약돌,3
3900,1975,찬비,4
3901,1975,최진사댁 셋째 딸,5
3902,1975,푸른 하늘 아래로,5
3903,1975,하얀 나비,3
3904,1975,하얀 조가비,4
3905,1975,한 사람,5
3906,1975,화가 났을까,3
3907,1975,휘파람을 부세요,5
3908,1974,편지,2
3909,1974,가난한 마음,4
3910,1974,고아,3
3911,1974,고향초,3
3912,1974,그 사람 데려다 주오,4
3913,1974,그리운 건 너,3
3914,1974,그리움 찾아,4
3915,1974,그리워라,5
3916,1974,길가에 앉아서,4
3917,1974,꽃보다 귀한 여인,2
3918,1974,나 그대에게 모두 드리리,5
3919,1974,나는 몰라요,4
3920,1974,나는 열아홉살이예요,3
3921,1974,내노래에 날개가 있다면,3
3922,1974,내 님의 사랑은,5
3923,1974,내곁에 있어주,3
3924,1974,노래하는 곳에,6
3925,1974,눈이 내리네,5
3926,1974,당신은 몰라,4
3927,1974,당신의 모든 것을,5
3928,1974,마음이 고와야지,6
3929,1974,목마와 숙녀,5
3930,1974,무인도,3
3931,1974,물 좀 주소!,3
3932,1974,미인 (1974년작) (신중현과 엽전들),6
3933,1974,바람에 실려,4
3934,1974,백구,6
3935,1974,봄이 오는 길,3
3936,1974,불 꺼진 창,3
3937,1974,비,4
3938,1974,연포아가씨,3
3939,1974,왜 그랬을까,4
3940,1974,이건 너무 하잖아요,2
3941,1974,이름 모를 소녀,2
3943,1974,잃어버린 장미,6
3944,1974,잊게해주오,4
3945,1974,작은 배,6
3946,1974,작은 새,4
3947,1974,저 별과 달은,2
3948,1974,정든섬,4
3949,1974,조용한 여자,8
3950,1974,좋은 걸 어떡해,2
3951,1974,참 예쁘네요,8
3952,1974,철지난 바닷가,3
3953,1974,피리 부는 사나이,3
3954,1974,한번쯤,4
3955,1974,[19금] 한 잔의 추억,5
3956,1974,행복의 나라로,5
3957,1973,그건 너,6
3958,1973,강원도 아리랑,4
3959,1973,개구리 노총각,3
3960,1973,고별,3
3961,1973,공항대합실,3
3962,1973,그대여 변치마오,4
3963,1973,그럴수가 있나요,6
3964,1973,그리움,3
3965,1973,기다리는 마음,3
3966,1973,나는 너를,4
3967,1973,내 강산 좋을시구,4
3968,1973,달과 함께 별과 함께,4
3969,1973,당신이 있으니까,3
3970,1973,돌아와,5
3971,1973,등대지기,2
3972,1973,마른잎,3
3973,1973,물레방아 도는데,2
3974,1973,바다의 여인,2
3976,1973,봄이오면 (Hello-A),5
3977,1973,사랑의 모닥불,4
3978,1973,사랑의 의지,4
3979,1973,사랑의 진실,4
3980,1973,삼백리 한려수도,4
3981,1973,서귀포를 아시나요,4
3982,1973,서울의 모정,3
3983,1973,석양,3
3984,1973,세월이 약이겠지요,5
3985,1973,소낙비,4
3986,1973,수다쟁이,6
3987,1973,쌍뚜아마미,2
3988,1973,아름다운 강산,6
3989,1973,아름다운 것들,7
3990,1973,알고계세요,6
3991,1973,여고시절,2
3992,1973,왜 아니올까,6
3993,1973,우리들의 이야기,4
3994,1973,이루어질 수 없는 사랑,4
3995,1973,잊게해 주오,4
3996,1973,잊으라면 잊겠어요,3
3997,1973,자정이 훨씬 넘었네,5
3998,1973,자주색 가방,3
3999,1973,작은새,3
4000,1973,잘있어요,4
4001,1973,젊은 초원,4
4002,1973,토요일 밤에,4
4004,1973,행복의 나라로,4
4005,1973,흙에 살리라,4
4006,1972,님과 함께,4
4007,1972,그리운 생각,4
4008,1972,고독,4
4009,1972,고향역,2
4010,1972,고향이 좋아,4
4011,1972,공항의 이별,3
4012,1972,그 얼굴에 햇살을,4
4013,1972,그대 변치않는다면,4
4014,1972,그대 없이는 못살아,8
4015,1972,그 애와 나랑은,5
4016,1972,길 잃은 사슴,3
4017,1972,꽃 길,2
4018,1972,나의 노래,2
4019,1972,낙엽따라 가버린 사랑,4
4020,1972,내나라 내겨레,4
4021,1972,녹슬은 기찻길,3
4022,1972,단골손님,4
4024,1972,달무리,3
4025,1972,달타령,6
4026,1972,두개의 작은별,7
4027,1972,등불,4
4028,1972,딩동댕 지난 여름,3
4029,1972,머나먼 고향,2
4030,1972,모닥불,3
4031,1972,모정의 세월,3
4032,1972,목장 길 따라,5
4033,1972,목화아가씨,4
4034,1972,봄비,4
4036,1972,사랑은 장난이 아니랍니다,4
4037,1972,산 까치야,5
4038,1972,섬처녀,3
4039,1972,세노야 세노야,4
4040,1972,아랫마을 이쁜이,2
4041,1972,아침 이슬,3
4043,1972,언덕에 올라,3
4044,1972,여고시절,2
4045,1972,영암 아리랑,6
4046,1972,영원한 세실리아,5
4047,1972,옛 생각,4
4048,1972,이별,5
4049,1972,잊어야 한다면,6
4050,1972,진정 난 몰랐네,2
4051,1972,찔레꽃,3
4052,1972,타박네,6
4053,1972,하동포구 아가씨,3
4054,1972,해변의 여인,3
4055,1972,희야,3
4056,1971,가지마오,4
4057,1971,1943년 3월 4일생,4
4058,1971,가을편지,3
4059,1971,거짓말이야,4
4060,1971,고향 아줌마,2
4061,1971,고향의 강,4
4062,1971,그 사람 이름은 잊었지만,4
4063,1971,그리운 사람끼리,3
4064,1971,금산 아가씨,2
4065,1971,꽃동네 새동네,4
4066,1971,꽃반지 끼고,3
4067,1971,님 떠나갈 시간,3
4068,1971,두고온 고향,3
4069,1971,마음은 짚시,4
4070,1971,마음이 약해서,3
4071,1971,마지막 잎새,2
4072,1971,먼데서 오신 손님,4
4073,1971,못잊을 당신,2
4074,1971,물새 한 마리,2
4075,1971,바다가 육지라면,4
4076,1971,별이 빛나는 밤의 부르스,3
4077,1971,보리밭,1
4079,1971,비와 나,4
4080,1971,사랑의 교실,3
4081,1971,사랑하다 싫어지면,4
4082,1971,사랑해,5
4084,1971,세월이 가면,3
4085,1971,세월이 약이겠지요,5
4086,1971,썸머 와인 (Summer Wine),4
4087,1971,아름다운 사람,8
4088,1971,아침이슬,4
4089,1971,애모의 노래,2
4090,1971,영시의 이별,2
4092,1971,울고 싶어,3
4093,1971,일곱 송이 수선화,4
4094,1971,잘했군 잘했어,4
4096,1971,조개 껍질 묶어,3
4097,1971,조용한 여자,8
4098,1971,참사랑,3
4099,1971,찻집의 고독,3
4100,1971,창밖에는 비 오고요,3
4101,1971,초원의 빛,4
4103,1971,친구,4
4104,1971,카츄샤의 노래,3
4105,1971,파도,3
4106,1970,약속,3
4107,1970,가는 정 오는 정,3
4108,1970,가을이 오기전에,4
4109,1970,검은 고양이 네로,6
4110,1970,그 사람 바보야,4
4111,1970,그정 못잊어,4
4112,1970,기러기 아빠,2
4113,1970,난이야,3
4114,1970,눈동자,4
4115,1970,눈물의 손수건,4
4116,1970,늦기전에,3
4117,1970,님은 먼 곳에,5
4118,1970,다리 위에서,3
4119,1970,달콤하고 상냥하게,4
4120,1970,당신은 철새,3
4121,1970,대답해 주세요,4
4122,1970,두줄기 눈물,3
4123,1970,때늦은 후회지만,2
4124,1970,람디담디담,2
4125,1970,망향,3
4126,1970,무정한 여인,4
4127,1970,바보같은 사나이,4
4128,1970,백치아다다,3
4129,1970,범띠 가시내,4
4130,1970,봄비,5
4131,1970,비내리는 명동,3
4133,1970,사랑의 오두막집,4
4134,1970,사랑이란 두글자,4
4135,1970,사랑하는 당신이,5
4136,1970,서산 갯마을,3
4137,1970,소양강 처녀,3
4138,1970,슬퍼도 떠나주마,2
4139,1970,슬픈 연가,3
4140,1970,아마도 빗물이겠지,2
4141,1970,아씨,3
4142,1970,영등포의 밤,4
4144,1970,이정표 없는 거리,3
4145,1970,일자상서,2
4146,1970,잊을 수 없는 그대,3
4147,1970,정든배,4
4148,1970,좋았다 싫어지면,3
4149,1970,철새,2
4150,1970,초가삼간,2
4152,1970,축제의 노래,5
4153,1970,파초의 꿈,2
4154,1970,팔도 유람,4
4155,1970,해변으로 가요,3
4156,1969,월남에서 돌아온 김상사,5
4157,1969,강촌에 살고 싶네,2
4158,1969,그사람 떠나가고,3
4159,1969,그림자,3
4161,1969,긴 세월,3
4162,1969,꽃타령,5
4163,1969,내 생애 단 한번만,4
4164,1969,눈물의 여인,2
4165,1969,님 그리워,4
4166,1969,님아,4
4167,1969,당신,2
4168,1969,당신을 알고부터,4
4169,1969,두글자,2
4170,1969,딜라일라,4
4171,1969,떠나야할 그 사람,6
4172,1969,며늘아기,2
4173,1969,무작정 걷고 싶어,2
4174,1969,미워도 다시한번,2
4175,1969,미워하지 마세요,4
4176,1969,바닷가의 추억,2
4177,1969,별빛 속의 연가,4
4178,1969,부모,3
4179,1969,비둘기 집,4
4180,1969,빨간 선인장,4
4181,1969,사나이 부르스,4
4182,1969,사람나고 돈났지,4
4183,1969,사랑은 계절따라,4
4184,1969,사랑의 역사,4
4185,1969,사랑하고 있어요,2
4186,1969,사랑하는 마리아,4
4188,1969,서울의 찬가,5
4189,1969,석류의 계절,4
4190,1969,성주풀이,3
4191,1969,안녕,3
4192,1969,여자의 꿈,2
4194,1969,옥이엄마,3
4196,1969,잊을 수 만 있다면,4
4197,1969,주란꽃,4
4202,1969,태양,6
4203,1969,커피 한 잔,6
4204,1969,하얀 손수건,2
4205,1969,한번 준 마음인데,3
4207,1968,9월의 노래,3
4208,1968,가을의 연인,4
4209,1968,가지를 마오,4
4210,1968,갑돌이와 갑순이,3
4211,1968,강건너 등불,3
4212,1968,고향무정,4
4213,1968,고향 산천,3
4214,1968,과거는 흘러갔다,2
4215,1968,그늘진 행복,4
4216,1968,그대는 가고,3
4217,1968,그리움은 가슴마다,3
4219,1968,까투리 타령,5
4220,1968,꽃집 아가씨,3
4221,1968,꿀밤 삼백석,4
4222,1968,낙엽따라 가버린 사랑,4
4225,1968,네잎 크로바,5
4226,1968,노신사,4
4227,1968,눈물을 가르쳐준 여인,4
4228,1968,능금빛 순정,2
4229,1968,단벌신사,4
4230,1968,동백 아줌마,2
4231,1968,마포종점,3
4233,1968,박달재 사연,2
4235,1968,별아 내가슴에,4
4236,1968,사랑,2
4237,1968,사랑은 눈물의 씨앗,2
4238,1968,사랑의 종말,2
4239,1968,사랑했는데,4
4240,1968,서울이여 안녕,4
4242,1968,아네모네,2
4243,1968,아카시아 이별,3
4245,1968,여인의 눈물,2
4246,1968,여자의 일생,3
4247,1968,역에선 가로등,2
4248,1968,웨딩 케익,4
4249,1968,지금 그사람은,4
4250,1968,짚세기 신고 왔네,3
4251,1968,처녀 농군,4
4252,1968,첫눈 내린 거리,3
4253,1968,파도,3
4254,1968,파란이별의 글씨,2
4255,1968,황혼의 부르스,3
4256,1967,그대 없이는 못살아,8
4257,1967,가슴 아프게,3
4258,1967,경상도 청년,3
4259,1967,그리움은 가슴마다,3
4260,1967,나는 곰이다,4
4261,1967,누가 울어,2
4262,1967,대머리 총각,3
4264,1967,돌아가는 삼각지,2
4265,1967,돌지 않는 풍차,4
4266,1967,동백꽃 피는 고향,2
4267,1967,두메산골,4
4268,1967,뜨거워서 싫어요,4
4269,1967,마음이 고와야지,6
4271,1967,먼데서 왔우다예,3
4272,1967,못잊어서 또왔네,4
4273,1967,몽땅 내 사랑,4
4274,1967,바보처럼 울었다,4
4276,1967,비 내리는 판문점,4
4277,1967,빙점,3
4278,1967,빛과 그림자,5
4279,1967,빛과 그림자,4
4282,1967,삼일로,3
4283,1967,새벽길,2
4284,1967,새타령,5
4285,1967,세월이 가면,3
4286,1967,안개,3
4287,1967,안개 속으로 가버린 사람,3
4288,1967,안개낀 장충단공원,3
4289,1967,애인,3
4290,1967,야간 졸업반,2
4291,1967,엘레지의 여왕,2
4292,1967,우수,3
4293,1967,울려고 내가왔나,3
4295,1967,유달산아 말해다오,3
4296,1967,육군 김일병,4
4299,1967,임금님의 첫사랑,4
4301,1967,코스모스 피어있는 길,3
4302,1967,팔도강산,4
4303,1967,하와이 연정,4
4304,1967,항구아가씨,2
4306,1966,하숙생,4
4307,1966,4월이 가면,3
4308,1966,고향무정,4
4309,1966,길 잃은 철새,2
4312,1966,눈물을 감추고,4
4313,1966,덕수궁 돌담길,3
4314,1966,동백꽃 피는 고향,2
4315,1966,동숙의 노래,3
4316,1966,뜨거운 안녕,3
4317,1966,뜨거운 침묵,2
4318,1966,모래 위에 적어본 이름,4
4319,1966,무작정 좋았어요,2
4320,1966,미워하지 않으리,2
4321,1966,병사의 향수,4
4322,1966,빼앗긴 사랑,2
4323,1966,살살이 몰랐지,3
4324,1966,살짜기 옵서에,5
4325,1966,섬마을 선생님,3
4326,1966,수덕사의 여승,2
4328,1966,아빠는 마도로스,3
4329,1966,아카시아의 마음,3
4331,1966,정든 배는 떠난다,2
4332,1966,종이배,3
4333,1966,종점,3
4334,1966,지평선은 말이 없다,2
4335,1966,진도아리랑,2
4336,1966,천리길,4
4337,1966,초우,4
4338,1966,추풍령,3
4339,1966,충청도 아줌마,2
4340,1966,키다리 미스터 김,4
4341,1966,타인들,3
4342,1966,평양기생,2
4343,1966,허무한 마음,2
4344,1966,화진포에서 맺은 사랑,3
4345,1966,온천장 소야곡,2
4346,1965,산넘어 남촌에는,3
4347,1965,갯마을,2
4348,1965,내이름은 소녀,4
4349,1965,누가 이사람을 모르시나요,4
4350,1965,맨발로 뛰어라,2
4351,1965,바닷가에서,2
4352,1965,보슬비 오는 거리,2
4353,1965,부산은 내 고향,3
4354,1965,불나비,2
4355,1965,사랑의 송가,3
4356,1965,사막길,3
4357,1965,삼천포 아가씨,3
4359,1965,서울 프레이보이,2
4360,1965,아리랑목동,2
4361,1965,아빠의 청춘,4
4362,1965,울릉도 트위스트,5
4363,1965,울산 큰애기,4
4364,1965,울어라 열풍아,2
4365,1965,워싱턴 광장 (1965),5
4366,1965,월남의 달밤 (1966),2
4367,1965,인정사정 볼 것 없다,3
4368,1965,정동대감,2
4369,1965,쥐구멍에도 볕들날 있다,3
4371,1965,행복의 샘터,2
4372,1965,홍콩의 왼손잡이,2
4373,1965,황포돛대,4
4374,1965,황혼의 엘레지,3
4375,1965,흑산도 아가씨,2
4376,1964,동백아가씨,2
4377,1964,갈대의 순정,4
4378,1964,국경선,2
4380,1964,눈물의 연평도,2
4381,1964,님이라 부르리까,3
4382,1964,돌아가자 남해고향,4
4383,1964,두메산골,3
4384,1964,떠날때는 말없이,4
4386,1964,맨발로 뛰어라,2
4387,1964,맨발의 청춘,2
4388,1964,무정한 그 사람,3
4389,1964,밀짚모자 목장 아가씨,3
4390,1964,베사메무쵸,6
4391,1964,보고싶은 얼굴,4
4392,1964,비속의 여인,5
4393,1964,빨간 마후라,6
4394,1964,빨간구두 아가씨,2
4395,1964,사랑의 송가,3
4396,1964,사랑해 봤으면,2
4397,1964,소쩍새 우는 마을,3
4398,1964,아빠안녕,3
4399,1964,영등포의 밤,4
4400,1964,용두산 엘레지,3
4401,1964,울고 넘는 박달재,2
4402,1964,이국땅,3
4403,1964,저녁 한때 목장 풍경,3
4404,1964,진고개 신사,2
4405,1964,회전 의자,3
